'Name','Image URL','Complexity','Diameter','Height','Weight','Motor Mount','Parachute Size','Shock Cord Type','Shock Cord Mount','Fin Thickness','Ring Thickness','Instructions','Decal','Launch Pad','Electronics Bay','Price','Product URL','Currency','SKU','Stock Status','Description','Rail Buttons','Links','Vinyl Decals','Tec features','Decals','Fire Blanket','Vinyl Decal','Parachute','Fin Array','Rocksim','Parachutes','Additional Decals'
'LOC-IV 4"','https://locprecision.com/cdn/shop/products/78_b74019b7-1f76-4fae-8959-43303c7bdc0d_1024x1024.jpg?v=1623234669','Intermediate-Advanced ','4″ ','47″ ','2lbs. ','38mm with ',' ',' ',' ','1/8″ ','1/4″ ','Yes','Logo only (','','','102.52','https://locprecision.com/products/loc-iv','USD','PK-48','http://schema.org/InStock','The LOC-IV is one of the ADVANCED SERIES of kits, which include factory pre-slotted airframe and through-the-wall fin construction, Now including payload section! The LOC IV has been the best selling kit in our history (perhaps all of high power history as well) Recently upgraded to 38mm motor mount and to-the-motor mount construction, this kit is the perfect Level 1 certification rocket kit. You can even park fly it well on F and G motors with the optional MMA-2 motor adapter. As evolution would have it, this 4-inch LOC-IV rocket kit now sports a 23" booster section and 11" payload for optional dual deployment set up.','','[{''text'': ''Level 1 certification tips\xa0'', ''href'': ''https://youtu.be/Xtr3758PvzA''}, {''text'': ''YouTube Vid!'', ''href'': ''https://www.youtube.com/watch?v=zLZ46CNVk5k&t=46s''}, {''text'': ''RockSim'', ''href'': ''https://cdn.shopify.com/s/files/1/0568/7489/3503/files/PK-48-Loc-IV-3.zip?v=1623759843''}, {''text'': ''PK-48 Instructions'', ''href'': ''https://cdn.shopify.com/s/files/1/0568/7489/3503/files/PK-48-Instructions.pdf?v=1623760037''}]','','','','','','','','','',''
'LOC 4" Goblin','https://locprecision.com/cdn/shop/products/62_d8924c62-c931-4f6b-b1c8-ffd56345549d_1024x1024.jpg?v=1627161576','Advanced ','4″ ','40.75" ','2.5lbs. ','54mm ',' ',' ',' ','1/4″ ','1/4″ ','Yes','','','','123.59','https://locprecision.com/products/loc-goblin','USD','LC-GOBLIN','http://schema.org/InStock','','','[{''text'': ''Goblin Instructions'', ''href'': ''https://cdn.shopify.com/s/files/1/0568/7489/3503/files/GoblinInstructions2020.pdf?v=1623658483''}, {''text'': ''LOC Goblin Rocksim file'', ''href'': ''https://netorgft2962317-my.sharepoint.com/:u:/g/personal/jay_locprecision_com/EeXAIOyZOGpJlH7Vl5PHRgcBCGsxAo4esQGzVTWA88kS3w?e=PlJ7z1''}, {''text'': ''4" Goblin build thread'', ''href'': ''https://www.rocketryforum.com/threads/loc-goblin-thread.145083/''}]','','','','','','','','','',''
'Yank IRIS 4"','https://locprecision.com/cdn/shop/products/YIRIS4-Cut_1024x1024.jpg?v=1627160266','Intermediate-Advanced ','4″ ','77" ','5.5lbs. ','54mm with ',' ',' ',' ','1/4″ ','1/4″ ','Yes','','','','123.59','https://locprecision.com/products/yiris4','USD','YIRIS4','http://schema.org/InStock','','','[{''text'': ''IRIS4 Instructions'', ''href'': ''https://cdn.shopify.com/s/files/1/0568/7489/3503/files/IRIS4.pdf?v=1623676966''}, {''text'': ''IRIS4 Rocksim'', ''href'': ''https://cdn.shopify.com/s/files/1/0568/7489/3503/files/4-iris.zip?v=1623677438''}, {''text'': ''Add an electronics bay for dual deployment flights. '', ''href'': ''https://locprecision.com/collections/rocket-components/products/electronics-bays-dual-deployment?variant=39778637283519''}, {''text'': "MMA''s to fly 38mm or 29mm motors", ''href'': ''https://locprecision.com/product/loc-n-ring-adaptors/''}, {''text'': ''RockSim'', ''href'': ''https://cdn.shopify.com/s/files/1/0568/7489/3503/files/YIRIS4.zip?v=1623677765''}]','','','','','','','','','',''
'EZI-65','https://locprecision.com/cdn/shop/products/5_e355f117-9cf3-4e73-a7ac-aebafb73a84d_1024x1024.jpg?v=1623155157','Entry-Intermediate ','4″ ','57.75 ','3.2lbs ','54mm with ',' ',' ',' ','1/8″ ','1/4″ ','Yes','','','','123.29','https://locprecision.com/products/ezi-65','USD','PK-64','http://schema.org/InStock','','','[{''text'': ''Aerotech I-65'', ''href'': ''http://www.aerotech-rocketry.com/products2.aspx''}, {''text'': ''Excellent Video with On-Board of an L-265.'', ''href'': ''https://www.youtube.com/watch?v=0LMfIvirkJ0''}, {''text'': ''PK-64_EZI-65-Instructions'', ''href'': ''https://cdn.shopify.com/s/files/1/0568/7489/3503/files/PK-64_EZI-65-Instructions.pdf?v=1623752528''}, {''text'': ''RockSim'', ''href'': ''https://cdn.shopify.com/s/files/1/0568/7489/3503/files/PK-64-EZI-65.zip?v=1623752493''}]','','','','','','','','','',''
'IRIS 3.10"','https://locprecision.com/cdn/shop/products/46_37718adf-58bf-4b32-b9ea-bfb6d9d58b68_1024x1024.jpg?v=1623163828','Entry/Intermediate ','3.1″ ','59.5 ','2.3lbs. ','38mm',' ',' ',' ','1/8"','1/4″ ','Yes','','','','100.56','https://locprecision.com/products/iris','USD','YIRIS3-38','http://schema.org/InStock','Logo decal included','','[{''text'': ''3" IRIS Build Instructions'', ''href'': ''https://cdn.shopify.com/s/files/1/0568/7489/3503/files/IRIS3_Build_Instructions.pdf?v=1667424088''}, {''text'': ''RockSim YIRIS338'', ''href'': ''https://cdn.shopify.com/s/files/1/0568/7489/3503/files/YIRIS338.zip?v=1623761980''}]','','','','','','','','','',''
'Forte''','https://locprecision.com/cdn/shop/products/17_7c25f8b4-6cff-4524-93dd-87d1654f9749_1024x1024.jpg?v=1623160043','Intermediate-Advanced ','3.1″ ','43.5 ','2.3lbs. ','38mm ',' ',' ',' ','1/8″ ','1/4″ ','Yes ','','','','91.4','https://locprecision.com/products/forte','USD','PK-32','http://schema.org/InStock','','','[{''text'': ''electronics bay!'', ''href'': ''/products/electronics-bays/''}, {''text'': ''PK-32-FORTE-Instructions'', ''href'': ''https://cdn.shopify.com/s/files/1/0568/7489/3503/files/PK-32-FORTE-Instructions.pdf?v=1623762398''}, {''text'': ''EXTREME Decals go here!! '', ''href'': ''https://stickershock23.com/product/pk-32-forte/''}, {''text'': ''RockSim file'', ''href'': ''https://cdn.shopify.com/s/files/1/0568/7489/3503/files/PK-32-Forte-1.zip?v=1623762333''}]','Yes','','','','','','','','',''
'Vulcanite','https://locprecision.com/cdn/shop/products/79_7f7d051e-e1dd-4f1f-b0a1-08dcf0e4b61a_1024x1024.jpg?v=1621673280',' ','','','',' ',' ',' ',' ',' ',' ',' ','','','','76.97','https://locprecision.com/products/vulcanite-h76','USD','Pk-52','http://schema.org/InStock','','','[{''text'': ''Extreme Decal Set!'', ''href'': ''https://stickershock23.com/product/pk-52-vulcanite/?fbclid=IwAR0K4tbHqseIn7w-eESBQwHn9STkO2zFq848g22lH2LdpI7nGUwdGj4J_wI''}, {''text'': ''PK-52_Vulcanite_H76 Instructions'', ''href'': ''https://cdn.shopify.com/s/files/1/0568/7489/3503/files/PK-52_Vulcanite_H76.pdf?v=1623763375''}]','','','','','','','','','',''
'Hi-Tech','https://locprecision.com/cdn/shop/products/27_584f6406-dcc8-47b0-9e3d-f3b26cec53df_1024x1024.jpg?v=1623161770','','','','','','','','','','','','','','','86.46','https://locprecision.com/products/hi-tech','USD','PK-56','http://schema.org/InStock','','','[{''text'': ''Hi-Tech Build Instructions'', ''href'': ''https://cdn.shopify.com/s/files/1/0568/7489/3503/files/PK-56_HiTech_Build_Instructions.pdf?v=1639515959''}, {''text'': ''Rocksim'', ''href'': ''https://cdn.shopify.com/s/files/1/0568/7489/3503/files/PK-56-Hi-Tech-H45.zip?v=1623762998''}]','','','','','','','','','',''
'T-LOC 4','https://locprecision.com/cdn/shop/products/94_5fe9a93f-2277-47dd-8111-3977a90ef038_1024x1024.jpg?v=1623335223',' ','','','',' ','28',' ',' ',' ',' ',' ','','','','83.14','https://locprecision.com/products/t-loc-4','USD','PK-105','http://schema.org/InStock','','','[{''text'': ''PK-105TLOC'', ''href'': ''https://cdn.shopify.com/s/files/1/0568/7489/3503/files/PK-105TLOC.pdf?v=1623503667''}, {''text'': ''RockSim'', ''href'': ''https://cdn.shopify.com/s/files/1/0568/7489/3503/files/T-LOC.zip?v=1623503857''}]','','','','',' ','','','','',''
'Minie-Magg 5.5"','https://locprecision.com/cdn/shop/products/18_d0efec94-18e7-4b34-958b-81dfd206dc72_1024x1024.jpg?v=1623241291','','','','','','','','','','','',' ','','','138.76','https://locprecision.com/products/minie-mag','USD','PK-68','http://schema.org/InStock','','','[{''text'': ''PK-68 Minie-Magg Instructions'', ''href'': ''https://cdn.shopify.com/s/files/1/0568/7489/3503/files/PK-68-Mini-Magg-Instructions.PDF?v=1654545493''}, {''text'': ''PK-68 Minie-Magg'', ''href'': ''https://cdn.shopify.com/s/files/1/0568/7489/3503/files/PK-68-Minie-Magg-1.zip?v=1623744700''}]','','','','','','','','','',''
'Athena','https://locprecision.com/cdn/shop/products/24_653e2768-a1a2-4d13-a0e5-35e7594587c2_1024x1024.jpg?v=1620915799','','','','','','','','','','','','','','','98.81','https://locprecision.com/products/athena3','USD','PK-37','http://schema.org/InStock','','','[{''text'': ''Athena Rocksim'', ''href'': ''https://cdn.shopify.com/s/files/1/0568/7489/3503/files/PK37-Athena.rkt?v=1695703921''}]','','','','','','','','','',''
'Graduator','https://locprecision.com/cdn/shop/products/22_e4d617f2-b2b2-4c8b-9be8-4de73c2d75a3_1024x1024.jpg?v=1623161201','','','','','','','','','','','','','','','77.8','https://locprecision.com/products/graduator','USD','PK-16','http://schema.org/InStock','','','[{''text'': ''PK-16-Graduator Instructions'', ''href'': ''https://cdn.shopify.com/s/files/1/0568/7489/3503/files/PK-16-Graduator.pdf?v=1623763227''}, {''text'': ''RockSim'', ''href'': ''https://cdn.shopify.com/s/files/1/0568/7489/3503/files/PK-16-Graduator-1.zip?v=1623763156''}, {''text'': ''Extreme Decal Set!'', ''href'': ''https://stickershock23.com/product/pk-14-loc-graduator/''}]','','','','','','','','','',''
'Warlock','https://locprecision.com/cdn/shop/products/23_6964f28a-859f-4e7a-9720-7b6f8f61c593_1024x1024.jpg?v=1623393514','Intermediate ','7.5″ ','51.5″ ','6.5lbs. ','38mm/54mm ',' ',' ',' ','1/4″','1/4"','Yes ','','','','221.83','https://locprecision.com/products/warlock','USD','PK-801x54','http://schema.org/InStock','','','[{''text'': ''Warlock Instructions'', ''href'': ''https://cdn.shopify.com/s/files/1/0568/7489/3503/files/Warlock_Build_Instructions.pdf?v=1661807217''}, {''text'': ''Warlock Rocksim'', ''href'': ''https://cdn.shopify.com/s/files/1/0568/7489/3503/files/PK-80_Warlock.RKT?v=1667858938''}]','','','Not included. ','','','','','','',''
'Phoenix 4"','https://locprecision.com/cdn/shop/products/58_5f17c930-733f-4953-9ad3-fd6b1565e7e2_1024x1024.jpg?v=1623329083','Intermediate','4″ ','42.5 ','3lbs. ','38mm','36" ',' ',' ','1/8″ ','1/8″ x3 - 1/4" FWD x1','Yes ','','','','124.75','https://locprecision.com/products/phoenix4','USD','PHOENIX438','http://schema.org/InStock','','','[{''text'': ''decal sheet photo'', ''href'': ''https://cdn.shopify.com/s/files/1/0568/7489/3503/files/IMG_4564.jpg?v=1659473997''}, {''text'': ''4" Phoenix Instructions'', ''href'': ''https://cdn.shopify.com/s/files/1/0568/7489/3503/files/Phoenix438Instructions.pdf?v=1657594415''}, {''text'': ''4" Phoenix Rocksim'', ''href'': ''https://cdn.shopify.com/s/files/1/0568/7489/3503/files/Phoenix4-38mm.rkt?v=1657594435''}]','','',' ','','','','','','',''
'LIL'' Nuke','https://locprecision.com/cdn/shop/products/90_a0a69858-737b-4b81-9e01-6a846750866b_1024x1024.jpg?v=1621675415','','','','','',' ','',' ','','','','','','','56.8','https://locprecision.com/products/lil-nuke','USD','PK-4','http://schema.org/InStock','','','[{''text'': ''Instructions'', ''href'': ''https://cdn.shopify.com/s/files/1/0568/7489/3503/files/PK4-LilNuke-a.pdf?v=1680792582''}, {''text'': ''RockSim'', ''href'': ''https://cdn.shopify.com/s/files/1/0568/7489/3503/files/PK-4-Lil-Nuke-1.zip?v=1623764582''}, {''text'': ''Complete Decal Set here!\xa0'', ''href'': ''https://stickershock23.com/product/pk-04-lil-nuke/''}]','','','','','','','','','',''
'T-LOC 2.63','https://locprecision.com/cdn/shop/products/89_e86e60f8-8a32-4d2b-af1b-0014ce1ab371_1024x1024.jpg?v=1627158226',' ','','','',' ',' ',' ',' ',' ',' ',' ',' ','','','50.56','https://locprecision.com/products/t-loc-263','USD','PK-107','http://schema.org/InStock','','','[{''text'': ''PK-107TLOC'', ''href'': ''https://cdn.shopify.com/s/files/1/0568/7489/3503/files/PK-107TLOC.pdf?v=1623503165''}]','','','','','','','','','',''
'IRIS','https://locprecision.com/cdn/shop/products/locprecision-2_10_1024x1024.jpg?v=1621340018',' ','','','',' ',' ',' ','',' ','','','','','','24.72','https://locprecision.com/products/iris-flying-model-rocket-kit','USD','LONE-IRIS','http://schema.org/InStock','','','[{''text'': ''RockSim file'', ''href'': ''https://cdn.shopify.com/s/files/1/0568/7489/3503/files/LONE-IRIS.zip?v=1623479129''}, {''text'': ''instructions'', ''href'': ''https://cdn.shopify.com/s/files/1/0568/7489/3503/files/BackPage-PAYLOADTEMPLATE-1.pdf?v=1623479300''}]','','','','','','','','','',''
'Micro-Magg','https://locprecision.com/cdn/shop/products/13_0d5aa9ec-9442-4edc-818a-5246308c0a2e_1024x1024.jpg?v=1623240955','Entry ','4″ ','30.75 ','1lbs. ','29mm with ',' ',' ',' ','1/8″ ','1/8″ ','Yes ','','','','64.61','https://locprecision.com/products/micro-magg','USD','MICROMAGG','http://schema.org/InStock','','','[{''text'': ''RockSim'', ''href'': ''https://cdn.shopify.com/s/files/1/0568/7489/3503/files/MicroMagg.zip?v=1623675568''}, {''text'': ''instructions-2020'', ''href'': ''https://cdn.shopify.com/s/files/1/0568/7489/3503/files/instructions-2020.pdf?v=1623675601''}]','','','','Yes','','','','','',''
'Onyx','https://locprecision.com/cdn/shop/products/48_8795f426-3b85-4474-a41c-2db38952db8f_1024x1024.jpg?v=1623250497','','','','','','','','','','','','','','','58.03','https://locprecision.com/products/onyx','USD','PK-12','http://schema.org/InStock','','','[{''text'': ''PK12-Onyx-Instruction'', ''href'': ''https://cdn.shopify.com/s/files/1/0568/7489/3503/files/PK12-Onyx-Instructions.pdf?v=1623762861''}, {''text'': ''s'', ''href'': ''http://locprecision.com/wp-content/uploads/PK12-Onyx-Instructions.pdf''}]','','','','','','','','','',''
'HyperLOC 835','https://locprecision.com/cdn/shop/products/38_60fab2af-c4d1-413f-9508-48ac3ce9a9e4_1024x1024.jpg?v=1623163005','Intermediate-Advanced ','4″ ','75.75" ','5lbs. ','54mm with ','',' ',' ','1/8″ ','1/4″','Yes','','','','162.91','https://locprecision.com/products/hyperloc-835','USD','PK-77','http://schema.org/InStock','','','[{''text'': ''PK-77 HyperLOC 835 Instructions'', ''href'': ''https://cdn.shopify.com/s/files/1/0568/7489/3503/files/PK-77-HyperLOC-835-Instructions.pdf?v=1623751645''}]','','','','','','','','Yes',' ',''
'V2 4"','https://locprecision.com/cdn/shop/products/6_14bd2df4-b590-4259-8276-f256cb15d761_1024x1024.jpg?v=1623390455','Intermediate-Advanced ','4″ ','33.75 ','41.5oz ','38mm ',' ',' ',' ','1/8″ ','1/4″ ','Yes','','','','123.53','https://locprecision.com/products/loc-v-2','USD','PK-57ND','http://schema.org/InStock','','','[{''text'': ''PK-57V2-Instructions'', ''href'': ''https://cdn.shopify.com/s/files/1/0568/7489/3503/files/PK-57V2-Instructions.pdf?v=1623753744''}]','','','','','','','','','',''
'Nuke Pro Maxx','https://locprecision.com/cdn/shop/products/86_1024x1024.jpg?v=1627157732','','','','','',' ','',' ','','','','','','','78.37','https://locprecision.com/products/nuke-pro-max','USD','PK-5','http://schema.org/InStock','','','[{''text'': ''MMA-2'', ''href'': ''/products/motor-mount-adapter/''}, {''text'': ''RockSim'', ''href'': ''https://cdn.shopify.com/s/files/1/0568/7489/3503/files/PK-5-Nuke-Pro-Max.zip?v=1623764379''}, {''text'': ''E'', ''href'': ''https://stickershock23.com/product/pk-05-nuke-pro-maxx/''}, {''text'': ''xtreme Decal Set'', ''href'': ''https://stickershock23.com/product/pk-05-nuke-pro-maxx/''}, {''text'': ''Instructions'', ''href'': ''https://cdn.shopify.com/s/files/1/0568/7489/3503/files/PK-5.pdf?v=1623764432''}]','','','','','','','','','',''
'Park Flyer Series - 1.6" IRIS','https://locprecision.com/cdn/shop/products/73_11da4977-c93b-40ae-81f5-e1f66356354c_1024x1024.jpg?v=1621672014','Intermediate ','1.6″ ','24″ ','9oz ','29mm ',' ','6′ ',' ','1/8″ ','1/8″ ','Yes ','','','','44.38','https://locprecision.com/products/pfy-iris','USD','PFY-IRIS','http://schema.org/InStock','','','[{''text'': ''Rocksim'', ''href'': ''https://cdn.shopify.com/s/files/1/0568/7489/3503/files/YIRIS1.6.zip?v=1623689045''}, {''text'': ''PFY-IRIS-Instructions'', ''href'': ''https://cdn.shopify.com/s/files/1/0568/7489/3503/files/PFY-IRIS-Instructions.pdf?v=1623689025''}]','','','','','Yes','','','','',''
'LOC-I Hi-Tech','https://locprecision.com/cdn/shop/products/hitechweb_1024x1024.jpg?v=1640291898','','','','','','','','','','','','','','','21.07','https://locprecision.com/products/loc-i-hi-tech','USD','LONE-Hitec1','http://schema.org/InStock','Bulk pricing available.  Ask for a quote!','','[{''text'': ''HI-TECH Instructions'', ''href'': ''https://cdn.shopify.com/s/files/1/0568/7489/3503/files/HITECHInstructions.pdf?v=1623657493''}, {''text'': ''Hi-Tech Rocksim File'', ''href'': ''https://cdn.shopify.com/s/files/1/0568/7489/3503/files/Mini-Hi-Tech.zip?v=1623657511''}]','','','','','','','','','',''
'Park Flyer HyperLOC 160','https://locprecision.com/cdn/shop/products/55_c5af09b7-b9fd-4f80-8db0-b1567d6656df_1024x1024.jpg?v=1621664987','Intermediate ','1.6″ ','31″ ','11oz ','29mm ',' ','6′ ',' ','1/8″ ','1/8″ ','Yes','','','','46.34','https://locprecision.com/products/park-flyer-hyperloc-160','USD','PFY-HLOC','http://schema.org/InStock','','','[{''text'': ''RockSim'', ''href'': ''https://cdn.shopify.com/s/files/1/0568/7489/3503/files/PFY-HYLOC.zip?v=1623674258''}, {''text'': ''PFY-HLOC-Instructions'', ''href'': ''https://cdn.shopify.com/s/files/1/0568/7489/3503/files/PFY-HLOC-Instructions.pdf?v=1623674515''}, {''text'': ''Extreme Decal Set'', ''href'': ''https://stickershock23.com/product/loc-mini-wraps/''}]','','','','','','','','','',''
'4" Black Brant X','https://locprecision.com/cdn/shop/products/58_1024x1024.jpg?v=1627158487','','','','','','','','','','','','','','','162.91','https://locprecision.com/products/lc-bbx4','USD','LC-BBX4','http://schema.org/InStock','','','[{''text'': ''LC-BBX4 Instructions'', ''href'': ''https://cdn.shopify.com/s/files/1/0568/7489/3503/files/LC-BBX4.pdf?v=1623649076''}, {''text'': ''LC-BBX4 Rocksim'', ''href'': ''https://cdn.shopify.com/s/files/1/0568/7489/3503/files/BBX4.zip?v=1623649108''}]','','','','','','','','','',''
'SWR-300','https://locprecision.com/cdn/shop/products/SWR-300FlashWeb_1024x1024.jpg?v=1652225782','','2.6" | Height: 48" | MMT: 38mm','','','','','','','','','','','','','98.33','https://locprecision.com/products/swr-300','USD','SWR-300','http://schema.org/InStock','','','[{''text'': ''History Channel'', ''href'': ''https://play.history.com/shows/the-secret-of-skinwalker-ranch/season-3/episode-2/preview-tic-tac-2?fbclid=IwAR2y2W6sxEsXlCDRrnn4Zr8jSMm_BEHlU0XgMVRdN-hJux49qs2WTuOwLeQ''}, {''text'': ''Rocksim Download'', ''href'': ''https://cdn.shopify.com/s/files/1/0568/7489/3503/files/256.rkt?v=1654106122''}]','','','','','','36" | Payload: 13"','4 | Fin Thickness: 0.125" birch plywood','','',''
'Photon','https://locprecision.com/cdn/shop/products/36_cccd04d0-0743-460c-b8b1-46e332a6cf84_1024x1024.jpg?v=1621601252','Entry ','1.9″ ','26″ ','6oz ','24mm ',' ','6′ Kevlar ',' ','','1/8″ ','Yes','','','','39.32','https://locprecision.com/products/photon','USD','TLM-PHOTON','http://schema.org/InStock','The Photon is a light weight, durable and easy to assemble kit!  Easily lofted on C-E 24mm motors! This kit features a kevlar shock cord, nylon parachute, and decal!  Both 1/4" launch lug AND 10 series rail guides to suit your launch pad style! A low-cost, fun to fly rocket kit with the quality you''d expect from LOC/Precision!','','[{''text'': ''Photon Instructions'', ''href'': ''https://cdn.shopify.com/s/files/1/0568/7489/3503/files/Photon-Instructions.pdf?v=1623501248''}, {''text'': ''RockSim'', ''href'': ''https://cdn.shopify.com/s/files/1/0568/7489/3503/files/LOC-Photon-185.zip?v=1623501290''}]','','','','','','','','','',''
'Xeno','https://locprecision.com/cdn/shop/products/xenoweb_1024x1024.jpg?v=1640292121','Entry Level   ','','','','18mm','Streamer','4’ Kevlar        ','N/A','1/16” Birch','¼” Fiber','','','','','17.98','https://locprecision.com/products/xeno','USD','LONE-Xeno1','http://schema.org/InStock','','','[{''text'': ''XENO Instructions'', ''href'': ''https://cdn.shopify.com/s/files/1/0568/7489/3503/files/XENOInstructions1.pdf?v=1669060413''}, {''text'': ''Xeno Rocksim File'', ''href'': ''https://cdn.shopify.com/s/files/1/0568/7489/3503/files/Xeno.zip?v=1623657179''}]','','','','','','','','','',''
'Patriot','https://locprecision.com/cdn/shop/products/34_3c4b5872-1f15-4617-884c-30968ad933c5_1024x1024.jpg?v=1621599866',' ','','','',' ',' ',' ','',' ','','','','','','20.22','https://locprecision.com/products/loc-1-patriot-rocket-kit','USD','LONE-Patriot','http://schema.org/InStock','Bulk pricing available.  Ask for a quote!','','[{''text'': ''RockSim File'', ''href'': ''https://cdn.shopify.com/s/files/1/0568/7489/3503/files/LONE-PAT.zip?v=1623499482''}, {''text'': ''instructions'', ''href'': ''https://cdn.shopify.com/s/files/1/0568/7489/3503/files/BackPage-PAYLOADTEMPLATE-1_eccde3e6-f84a-4207-8553-e89f42bb8529.pdf?v=1623499542''}]','','','','','','','','','',''
'IRIS 2.26"','https://locprecision.com/cdn/shop/products/83_eab75298-f39a-473c-b808-c0c93720c75f_1024x1024.jpg?v=1621673313',' ','','','','38',' ',' ',' ',' ',' ',' ','','','','77.63','https://locprecision.com/products/yiris2','USD','YIRIS229','http://schema.org/InStock','','','[{''text'': ''RockSim'', ''href'': ''https://cdn.shopify.com/s/files/1/0568/7489/3503/files/YIRIS2.zip?v=1623763721''}, {''text'': ''YIRIS2-Instructions'', ''href'': ''https://cdn.shopify.com/s/files/1/0568/7489/3503/files/YIRIS2-Instructions.pdf?v=1623763594''}]','','','','',' ','','','','',''
'5.5" Goblin','https://locprecision.com/cdn/shop/products/73_1024x1024.jpg?v=1620828508',' ','',' ','','',' ','','','',' ','','','','','223.95','https://locprecision.com/products/lc-goblin55','USD','LC-GOBLIN55','http://schema.org/InStock','','','[{''text'': ''5.5" Goblin Rocksim File'', ''href'': ''https://cdn.shopify.com/s/files/1/0568/7489/3503/files/55Goblin.rkt?v=1691419145''}]','','','','','','','','','',''
'Semper Fi','https://locprecision.com/cdn/shop/products/1_51bc5926-e07a-4c3a-8a62-c4643f63903a_1024x1024.jpg?v=1620833640','','','','','','','','','','','','','','','95.5','https://locprecision.com/products/semper-fi','USD','PK-104','http://schema.org/InStock','','','[{''text'': ''PK-104SemperFi'', ''href'': ''https://cdn.shopify.com/s/files/1/0568/7489/3503/files/PK-104SemperFi.pdf?v=1623504063''}, {''text'': ''RockSim'', ''href'': ''https://cdn.shopify.com/s/files/1/0568/7489/3503/files/PK-104-Semper-Fi.zip?v=1623504138''}]','','','','','','','','','',''
'Bull Puppy Missile 3.1"','https://locprecision.com/cdn/shop/products/BullPuppy-V-700_7308b345-339b-4da7-9eb4-36f9413f5573_1024x1024.jpg?v=1661957578','','3.1" | Height: 39" | MMT: 38mm','','','','','','','','','','','','','139.05','https://locprecision.com/products/bull-puppy-missile','USD','PML-3.0BullPup','http://schema.org/InStock','','','[{''text'': ''Piston System Kit'', ''href'': ''https://locprecision.com/products/piston-system-kit?variant=40827777614015''}, {''text'': ''2-Part Expanding'', ''href'': ''https://locprecision.com/products/adjustable-density-expanding-foam?_pos=7&_sid=e070deb13&_ss=r''}, {''text'': ''Click here for the kit instructions'', ''href'': ''https://cdn.shopify.com/s/files/1/0568/7489/3503/files/Bull_Puppy_3.1_Build_Instructions.pdf?v=1661915187''}, {''text'': ''Bull Puppy 3.1" Rocksim'', ''href'': ''https://cdn.shopify.com/s/files/1/0568/7489/3503/files/PML-BullPuppy3.rkt?v=1677686585''}]','','','','','','36" | Payload: None','4 main and 4 canard | Fin Thickness: 0.06"','','',''
'LOC-I Nuke','https://locprecision.com/cdn/shop/products/49_1809ecb4-28b0-4d7b-a182-40b9c0d403b8_1024x1024.jpg?v=1621662750','','','','','','','','','','','','','','','17.7','https://locprecision.com/products/loc-i-nuke','USD','LONE-BigNuke1','http://schema.org/InStock','Bulk pricing available.  Ask for a quote!','','[{''text'': ''Big Nuke Instructions'', ''href'': ''https://cdn.shopify.com/s/files/1/0568/7489/3503/files/BigNukeInstructions.pdf?v=1623658169''}, {''text'': ''Big Nuke Rocksim File'', ''href'': ''https://cdn.shopify.com/s/files/1/0568/7489/3503/files/Mini-Nuke.zip?v=1623658127''}]','','','','','','','','','',''
'LOC-I Magnum','https://locprecision.com/cdn/shop/products/45_6ae502ef-421a-4399-9d95-a5b8f35a4337_1024x1024.jpg?v=1621604062','','','','','','','','','','','','','','','19.67','https://locprecision.com/products/loc-i-magnum','USD','LONE-Magnum1','http://schema.org/InStock','Bulk pricing available.  Ask for a quote!','','[{''text'': ''Magnum Instructions'', ''href'': ''https://cdn.shopify.com/s/files/1/0568/7489/3503/files/LOC1-Magnum-Instructions.pdf?v=1623657844''}, {''text'': ''Magnum Rocksim File'', ''href'': ''https://cdn.shopify.com/s/files/1/0568/7489/3503/files/LOC-I-Magnum.zip?v=1623657816''}]','','','','','','','','','',''
'Big Nuke','https://locprecision.com/cdn/shop/products/34_91d6df4e-5627-4837-ac83-9bc6232622ea_1024x1024.jpg?v=1621249286','Advanced ','5.5″ ','72″Big Nuke / 80" Big Nuke 3E / 91" Big Nuke 4 ','7lbs Big Nuke / 8.5lbs Big Nuke 3E / 9lbs Big Nuke 4 ','54mm/75mm/98mm ',' ',' ',' ','1/4″ LOC N RING 3/8" 3-E and 4 ','1/4″ LOC N FIN ','Yes ','YES','','','221.16','https://locprecision.com/products/big-nuke','USD','PK-82','http://schema.org/InStock','','','[{''text'': ''optional LOCK IN adapters!'', ''href'': ''https://locprecision.com/product/loc-n-ring-adaptors/''}, {''text'': ''Rocksim PK-82'', ''href'': ''https://cdn.shopify.com/s/files/1/0568/7489/3503/files/PK-82-Big-Nuke-1.zip?v=1623743182''}, {''text'': ''PK-82 Big Nuke 3E'', ''href'': ''https://cdn.shopify.com/s/files/1/0568/7489/3503/files/PK-82-Big-Nuke-3E.zip?v=1623743203''}, {''text'': ''Extreme Decals here!!!'', ''href'': ''https://stickershock23.com/product/pk-82-big-nuke-3e/''}, {''text'': ''PK-82 Instructions'', ''href'': ''https://cdn.shopify.com/s/files/1/0568/7489/3503/files/PK-82-Instructions-1.pdf?v=1623743595''}]','','','','','','','','','',' '
'Striker X','https://locprecision.com/cdn/shop/products/strykerweb_1024x1024.jpg?v=1640292270','','','','','','','','','','','','','','','20.22','https://locprecision.com/products/striker-x','USD','LONE-Striker1','http://schema.org/InStock','Bulk pricing available.  Ask for a quote!','','[{''text'': ''StrikerX Instructions'', ''href'': ''https://cdn.shopify.com/s/files/1/0568/7489/3503/files/StrikerXInstructions.pdf?v=1623656946''}, {''text'': ''Striker X Rocksim File'', ''href'': ''https://cdn.shopify.com/s/files/1/0568/7489/3503/files/Striker-X.zip?v=1623657015''}]','','','','','','','','','',''
'SKY FIERI HNS','https://locprecision.com/cdn/shop/products/HNS-KitV_1024x1024.jpg?v=1655566054','Intermediate ','3.1″ ','45"','2lbs. ','29mm',' ',' ',' ','1/8″','1/8″ ',' ','','','','100.0','https://locprecision.com/products/sky-fieri','USD','SKYFIERI','http://schema.org/InStock','SKY FIERI is the newest L1 capable kit. Brought to you by HOT NOZZLE SOCIETY™','','[{''text'': ''ROCKSIM'', ''href'': ''https://cdn.shopify.com/s/files/1/0568/7489/3503/files/Hot_Nozzle.rkt?v=1655507272''}]','','','','','','','','','',''
'Callisto','https://locprecision.com/cdn/shop/products/CallistoJustin2smallTN_1024x1024.jpg?v=1633695657','','2.2 in. | Height: 46 in. | MMT: 29mm','','','','','','','','','','','','','88.76','https://locprecision.com/products/callisto','USD','PML-Callisto29','http://schema.org/InStock','','','[{''text'': ''Piston System Kit'', ''href'': ''https://locprecision.com/products/piston-system-kit?variant=40827777548479''}, {''text'': ''Download Callisto Instructions'', ''href'': ''https://cdn.shopify.com/s/files/1/0568/7489/3503/files/Callisto_Build_Instructions-rev1.pdf?v=1674685978''}]','','','','','','24in. | Payload: None','3 (Nike Style) | Fin Thickness: 0.06 in.','','',''
'Weasel','https://locprecision.com/cdn/shop/products/97_0b4326f2-6b1a-498d-8105-ee703cbcf524_1024x1024.jpg?v=1621675457','Intermediate ','1.6″ ','48″ ','14oz ','29mm ',' ','3/16" Tubular nylon with sewn loops 12′ ',' ','1/8″ ','1/8″ ','Yes ','','','','53.08','https://locprecision.com/products/weasel','USD','PK-3','http://schema.org/InStock','','','[{''text'': ''Decal Set!'', ''href'': ''https://stickershock23.com/product/pk-03-loc-weasel/''}]','','','','','Yes','','','','',''
'5.5" LOC Magnum','https://locprecision.com/cdn/shop/products/1_7d9288ff-bcf5-4d2d-b565-77d99812d165_1024x1024.jpg?v=1623236600',' ','',' ','','',' ',' ','','',' ','','','','','210.63','https://locprecision.com/products/magnum','USD','PK-84','http://schema.org/InStock','',' ','[{''text'': ''PK-84 5.5" Magnum Rocksim'', ''href'': ''https://cdn.shopify.com/s/files/1/0568/7489/3503/files/PK-84-Magnum1x54-6x29.rkt?v=1678660635''}]','','','','','','','','','',''
'Bumble Bee Rocket','https://locprecision.com/cdn/shop/products/BBeeWebV-700_1024x1024.jpg?v=1659809019','','3.9" | Height: 35.5" | MMT: 38mm','','','','','','','','','','','','','146.54','https://locprecision.com/products/bumble-bee-rocket','USD','PML-BumbleBee','http://schema.org/InStock','','','[{''text'': ''HAMR-38-SET'', ''href'': ''https://locprecision.com/products/29mm-hamr-retainer-set?variant=42162643337449''}, {''text'': ''HAMR-38/29-ADPTR'', ''href'': ''https://locprecision.com/products/38mm-to-29mm-motor-adapter-for-hamr-38?_pos=3&_sid=fdeb30ca4&_ss=r''}, {''text'': ''Bumble Bee Rocksim File'', ''href'': ''https://cdn.shopify.com/s/files/1/0568/7489/3503/files/BumbleBee.rkt?v=1661698874''}, {''text'': '''', ''href'': ''https://cdn.shopify.com/s/files/1/0588/8370/2933/files/BumbleBee.zip?v=1631167294''}]','','','','','','42" | Payload: None','3 swept-back | Fin Thickness: 0.06"','','',''
'Striker Rocket','https://locprecision.com/cdn/shop/products/IMG_0924_1024x1024.jpg?v=1669151135','','3.9" | Height: 36.5" | MMT: 38mm','','','','','','','','','','','','','149.75','https://locprecision.com/products/striker','USD','PML-STRIKER','http://schema.org/InStock','','','[{''text'': ''HAMR 38mm\xa0retainer '', ''href'': ''https://locprecision.com/products/29mm-hamr-retainer-set?variant=42162643337449''}, {''text'': ''HAMR\xa038 to 29mm adapter'', ''href'': ''https://locprecision.com/products/38mm-to-29mm-motor-adapter-for-hamr-38?_pos=6&_sid=80e185ece&_ss=r''}, {''text'': ''PML General Kit Instructions'', ''href'': ''https://cdn.shopify.com/s/files/1/0568/7489/3503/files/PML_General_Kit_Instructions.pdf?v=1669152896''}, {''text'': ''Striker Nose Cone Build Instructions'', ''href'': ''https://cdn.shopify.com/s/files/1/0568/7489/3503/files/StrikerConeBuild.pdf?v=1669154134''}, {''text'': ''Striker Rocksim'', ''href'': ''https://cdn.shopify.com/s/files/1/0568/7489/3503/files/PML_Striker.rkt?v=1669153119''}]','','','','','','36" | Payload: None','4 | Fin Thickness: 0.063"','','',''
'Deployer','https://locprecision.com/cdn/shop/products/92_0d2e4b22-2ad7-4b6a-b0b0-99acffee0e6f_1024x1024.jpg?v=1623151086','Intermediate-Advanced ','3.1″ ','43.5 ','2.3lbs. ','29mm','','','','','','','','','','133.7','https://locprecision.com/products/deployer','USD','TLM-Deployer','http://schema.org/InStock','','','[{''text'': ''Electronics Bay'', ''href'': ''/products/electronics-bays/''}, {''text'': ''28/streamer″ Ripstop Nylon'', ''href'': ''/products/locprecision-parachutes/''}, {''text'': ''NW-15/12'', ''href'': ''/products/shock-cords/''}, {''text'': ''SCM-2'', ''href'': ''/products/eye-bolt-set/''}, {''text'': ''TLM-DEPLOYER3'', ''href'': ''https://cdn.shopify.com/s/files/1/0568/7489/3503/files/TLM-DEPLOYER3-A.zip?v=1623504783''}, {''text'': ''TLM-Deployer-Instructions'', ''href'': ''https://cdn.shopify.com/s/files/1/0568/7489/3503/files/TLM-Deployer-Instructions.pdf?v=1623504846''}, {''text'': ''streamer'', ''href'': ''/products/nylonstreamer/''}, {''text'': ''28" rip-stop nylon parachute'', ''href'': ''/products/locprecision-parachutes/''}, {''text'': ''light" electronics bay'', ''href'': ''/products/electronics-bays/''}]','','','','','','','','','',''
'Caliber-ISP','https://locprecision.com/cdn/shop/products/59_520a5138-c9dc-43f2-bfb6-566484b82404_1024x1024.jpg?v=1621260730','Intermediate-Advanced ','3.1″ ','59.5" ','2.3lbs. ','54mm ',' ',' ',' ','1/8″ ','1/4″ ','Yes','','','','98.81','https://locprecision.com/products/caliber-isp','USD','PK-60','http://schema.org/InStock','','','[{''text'': ''PK-60_Caliber-ISP_Instructions'', ''href'': ''https://cdn.shopify.com/s/files/1/0568/7489/3503/files/PK-60_Caliber-ISP_Instructions.pdf?v=1623760275''}, {''text'': ''MMA-4'', ''href'': ''/products/motor-mount-adapter/''}, {''text'': ''Includes baffle system'', ''href'': ''/products/baffle-system/''}, {''text'': ''.'', ''href'': ''https://locprecision.com/product/baffle-system/''}]','','','','','','','','','',''
'4" Cyclotron','https://locprecision.com/cdn/shop/products/Cyclotron4-7001_1024x1024.jpg?v=1626141061','','','','','',' ','','','','','','',' ','','112.35','https://locprecision.com/products/4-cyclotron','USD','PK-110','http://schema.org/InStock','4" Cyclotron tube fin rocket! Tube fins make this a super a straight up! Tube fin rockets are rarely affected by wind and don''t receive the weathercock like typical rockets with normal fins. Recovery is a newly designed 42″ ripstop nylon parachute with central spill hole making decent as straight as your ascent.  Packed with features including rail guides, motor retention, vinyl decals and more! Standing 67″ tall, 54mm mount makes this a great flyer and great candidate for certification flights. A bit of a different, but easy build from the norm. If you like fillets......here you go!','','[{''text'': ''Rocksim File'', ''href'': ''https://cdn.shopify.com/s/files/1/0568/7489/3503/files/4-inch_Cyclotron.rkt?v=1699490833''}]','','','','','','','','','',''
'2.6" Patriot','https://locprecision.com/cdn/shop/products/locprecision_4_1024x1024.jpg?v=1627158150','Entry ','2.6″ ','34” ','','29mm ',' ','TN-316-9’ of Tubular Nylon with sewn loops ',' ','1/8″ ','1/8″ ','Yes ','','','','73.03','https://locprecision.com/products/ypat25','USD','YPAT25','http://schema.org/InStock','***Stable on D-F power. Larger motors will upset the balance of this rocket kit and nose weight may be necessary!!!','','[{''text'': ''YPAT25-Instructions'', ''href'': ''https://cdn.shopify.com/s/files/1/0568/7489/3503/files/YPAT25-Instructions.pdf?v=1623662085''}, {''text'': ''RockSim'', ''href'': ''https://cdn.shopify.com/s/files/1/0568/7489/3503/files/YPAT2.5-1.zip?v=1623663076''}]','','','Coming Soon ','','','','','','',''
'Bull Puppy 2.2 Rocket Kit','https://locprecision.com/cdn/shop/products/BullPuppy-V-700_1024x1024.jpg?v=1661957476','','2.2" | Height: 28" | MMT: 29mm','','','','','','','','','','','','','96.25','https://locprecision.com/products/bull-puppy-2-1-rocket-kit','USD','PML-2.2BullPup','http://schema.org/InStock','','','[{''text'': ''Piston System Kit'', ''href'': ''https://locprecision.com/products/piston-system-kit?variant=40827777548479''}, {''text'': ''2-Part Expanding'', ''href'': ''https://locprecision.com/products/adjustable-density-expanding-foam?_pos=7&_sid=e070deb13&_ss=r''}, {''text'': ''Click here for the complete Data Sheet'', ''href'': ''https://cdn.shopify.com/s/files/1/0588/8370/2933/files/BullPuppy2_1DataSheet.pdf?v=1630395067''}, {''text'': ''Click here for the kit instructions'', ''href'': ''https://cdn.shopify.com/s/files/1/0588/8370/2933/files/BullPuppy2_1instructionbooklet.pdf?v=1630395067''}, {''text'': ''Motor Recommendations'', ''href'': ''https://cdn.shopify.com/s/files/1/0588/8370/2933/files/pmlalti_1.pdf?v=1630060581''}, {''text'': ''More Specifications'', ''href'': ''https://cdn.shopify.com/s/files/1/0588/8370/2933/files/kitspec_1.pdf?v=1630060817''}]','','','','','','24" | Payload: None','4 main and 4 canard | Fin Thickness: 0.06"','','',''
'7.5" T-LOC','https://locprecision.com/cdn/shop/products/75TLOC-Web_1024x1024.jpg?v=1626704114','','','','','','','','','','','','','','','272.85','https://locprecision.com/products/7-5-t-loc','USD','PK-108REC','http://schema.org/InStock','','','[{''text'': ''7.5" T-LOC Rocksim File'', ''href'': ''https://netorgft2962317-my.sharepoint.com/:u:/g/personal/jay_locprecision_com/EdcJghaKNGZGmBicilH49SoBlci7EVB5lJXmB2VBle3mhA?e=cK6xmq''}]','','','','','','','','','',''
'Park Flyer Black Brant X','https://locprecision.com/cdn/shop/products/63_63033860-8bc4-4360-aa3f-e049d79df541_1024x1024.jpg?v=1621666340','Intermediate ','1.6″ ','42″ ','14oz ','29mm ',' ','6′ ',' ','1/8″ ','1/8″ ','Yes','','','','49.38','https://locprecision.com/products/pfy-bbx','USD','PFY-BBX','http://schema.org/InStock','','','[{''text'': ''RockSim'', ''href'': ''https://cdn.shopify.com/s/files/1/0568/7489/3503/files/PFY-BBX.zip?v=1623686247''}, {''text'': ''PFY-BBX-Instructions'', ''href'': ''https://cdn.shopify.com/s/files/1/0568/7489/3503/files/PFY-BBX-Instructions.pdf?v=1623686211''}, {''text'': ''Extreme Decal Set'', ''href'': ''https://stickershock23.com/product/loc-mini-wraps/''}]','','','','','','','','','',''
'Park Flyer EZE','https://locprecision.com/cdn/shop/products/66_353a2f86-63c6-4a8b-87f9-88d8fb7c126b_1024x1024.jpg?v=1621666660','Intermediate ','1.6″ ','25″ ','9oz ','29mm ',' ','6′ ',' ','1/8″ ','1/8″ ','Yes','','','','44.66','https://locprecision.com/products/eze','USD','PFY-EZE','http://schema.org/InStock','','','[{''text'': ''Rocksim'', ''href'': ''https://cdn.shopify.com/s/files/1/0568/7489/3503/files/EZE-1.6inch.zip?v=1623686853''}, {''text'': ''PFY-EZE-Instructions'', ''href'': ''https://cdn.shopify.com/s/files/1/0568/7489/3503/files/PFY-EZE-instructions2022.pdf?v=1663611555''}]','','','','','','','','','',''
'Blaster','https://locprecision.com/cdn/shop/products/90_1024x1024.jpg?v=1620831891','Entry ','1.9″ ','18.5″ ','5oz ','24mm ',' ','4′ Kevlar ',' ','1/8″ ','1/8″ ','Yes','','','','33.71','https://locprecision.com/products/blaster','USD','TLM-BLASTER','http://schema.org/InStock','','','[{''text'': ''RockSim'', ''href'': ''https://cdn.shopify.com/s/files/1/0568/7489/3503/files/LOC-Blaster-185.zip?v=1623502745''}]','','','','','','','','','',''
'Park Flyer HAWK','https://locprecision.com/cdn/shop/products/68_4310cc63-8328-4365-8680-607fa950fe25_1024x1024.jpg?v=1621666684','Advanced ','1.6″ ','23″ ','14oz ','29mm ',' ','6′ ',' ','1/8″ ','1/8″ ','Yes','','','','47.13','https://locprecision.com/products/pfy-hawk','USD','PFY-HAWK','http://schema.org/InStock','','','[{''text'': ''PFY-HAWK-Instructions'', ''href'': ''https://cdn.shopify.com/s/files/1/0568/7489/3503/files/PFY-HAWK-Instructions.pdf?v=1623688252''}, {''text'': ''RockSim'', ''href'': ''https://cdn.shopify.com/s/files/1/0568/7489/3503/files/YHAWK1.5.zip?v=1623687218''}]','','','','','','','','','',''
'Mystic Buzz','https://locprecision.com/cdn/shop/products/26_ccc50aae-ebec-4fca-8550-fe567ebb9d77_1024x1024.jpg?v=1623242152','','','','','','','','','','','','','','','129.2','https://locprecision.com/products/ybuzz4','USD','YBUZZ4','http://schema.org/InStock','','','[{''text'': ''selection of MMAs'', ''href'': ''https://locprecision.com/products/motor-mount-adapter?_pos=34&_sid=aeb0848ea&_ss=r''}, {''text'': ''electronics bay'', ''href'': ''https://locprecision.com/products/electronics-bays-dual-deployment?variant=39778637283519''}, {''text'': ''RockSim File'', ''href'': ''https://netorgft2962317-my.sharepoint.com/:u:/g/personal/dave_locprecision_com/Ef8J171yR4tGhdzsk30ekBYBY-8AszuvS86qyvRaGECmRQ?e=5aIaFl''}, {''text'': ''Instructions'', ''href'': ''https://cdn.shopify.com/s/files/1/0568/7489/3503/files/YBUZZ4-Instructions.PDF?v=1684435794''}]','','','','','','','','','',''
'Park Flyer Sandhawk','https://locprecision.com/cdn/shop/products/77_d6961e98-1bd0-4fb2-aa3e-d981a76f9059_1024x1024.jpg?v=1621672409','Intermediate ','1.6″ ','36.5″ ','11oz ','29mm ',' ','6′ ',' ','1/8″ ','1/8″ ','Yes ','','','','46.63','https://locprecision.com/products/pfy-shawk','USD','PFY-SHAWK','http://schema.org/InStock','','','[{''text'': ''Rocksim'', ''href'': ''https://cdn.shopify.com/s/files/1/0568/7489/3503/files/YSHAWK1.6.zip?v=1623689339''}, {''text'': ''PFY-SHAWKInstructions'', ''href'': ''https://cdn.shopify.com/s/files/1/0568/7489/3503/files/PFY-SHAWKInstructions.pdf?v=1623689434''}]','','','','','No','','','','',''
'NORAD','https://locprecision.com/cdn/shop/products/NoradCut_1024x1024.jpg?v=1640292561','','','','','','','','','','','','','','','93.87','https://locprecision.com/products/norad','USD','PK-44','http://schema.org/InStock','','','[{''text'': ''NORAD Instructions'', ''href'': ''https://cdn.shopify.com/s/files/1/0568/7489/3503/files/Norad-Instructions.pdf?v=1681767439''}]','','','','','','','','','',''
'Door Knob','https://locprecision.com/cdn/shop/products/98_8afce03a-4d55-4059-b08c-8236e455e22e_1024x1024.jpg?v=1623152786','','','','','','','','','','','','','','','275.26','https://locprecision.com/products/doorknob','USD','PK-90','http://schema.org/InStock','Door Knob 7.5" rocket kit.  Now equipped with the MMAS system.  No more "fin keepers". Optional bulkhead included. Most tend to epoxy the coupler to the 12" payload to make a 42" 1-piece airframe and eject the cone.','','[{''text'': ''Door Knob Rocksim File'', ''href'': ''https://cdn.shopify.com/s/files/1/0568/7489/3503/files/PK-90_Door_Knob_3465e1d7-4d9e-44cc-8b1f-06df8f920f93.rkt?v=1689016833''}]','','','','','','','','','',''
'Tiny Pterodactyl','https://locprecision.com/cdn/shop/products/TinyPteroHenry3_1024x1024.jpg?v=1633695663','','2.2" | Height: 25.5" | MMT: 29mm','','','','','','','','','','','','','58.8','https://locprecision.com/products/tiny-pterodactyl','USD','TinyPterodactyl229','http://schema.org/InStock','','','[]','','','','','','21" | Payload: None','3 (Unusual) | Fin Thickness: 0.06"/0.125"','','',''
'Magnum','https://locprecision.com/cdn/shop/products/94_f2207e88-d7de-4379-a474-ca4f43cdda45_1024x1024.jpg?v=1623235914','Intermediate-Advanced ','3.1″ ','42.5 ','22oz.. ','3x29mm ',' ',' ',' ','1/8″ ','1/8″','Yes','','','','92.13','https://locprecision.com/products/magnum-3','USD','MAG329','http://schema.org/InStock','','','[{''text'': ''MAG329 Instructions'', ''href'': ''https://cdn.shopify.com/s/files/1/0568/7489/3503/files/MAG329Instructions.pdf?v=1623648319''}, {''text'': ''MAG329'', ''href'': ''https://cdn.shopify.com/s/files/1/0568/7489/3503/files/MAG329.zip?v=1623648348''}, {''text'': '' electronics bay'', ''href'': ''/products/electronics-bays/''}, {''text'': ''Apogee Components'', ''href'': ''https://www.apogeerockets.com/''}, {''text'': ''YouTube!'', ''href'': ''https://www.youtube.com/watch?v=Onf0DMeG-E0''}]','','','','','','','','','',''
'7.5" Patriot','https://locprecision.com/cdn/shop/products/49_49efba00-e28b-4373-896d-19c75600b758_1024x1024.jpg?v=1623486629','','','','','','','','','','','','','','','292.11','https://locprecision.com/products/ypat75','USD','YPAT75','http://schema.org/InStock','','','[{''text'': ''YTN-4'', ''href'': ''/products/y-harness/''}, {''text'': ''YPAT75-2020-Instructions'', ''href'': ''https://cdn.shopify.com/s/files/1/0568/7489/3503/files/YPAT75-2020-Instructions.pdf?v=1623679580''}, {''text'': ''7.5" PATRIOT Rocksim'', ''href'': ''https://cdn.shopify.com/s/files/1/0568/7489/3503/files/YPAT75-2.zip?v=1623679525''}]','','','','','','','','','',''
'Sandhawk 3.10"','https://locprecision.com/cdn/shop/products/YSHawk3-Cut_1024x1024.jpg?v=1627158875','','','','','','','','','','','','','','','129.43','https://locprecision.com/products/sandhawk','USD','YSHAWK3EB','http://schema.org/OutOfStock','','','[{''text'': ''Sandhawk 3.10" Instructions'', ''href'': ''https://cdn.shopify.com/s/files/1/0568/7489/3503/files/YSHAWK3_Instructions.pdf?v=1682710560''}]','','','','','','','','','',''
'I-ROC','https://locprecision.com/cdn/shop/products/IROC-Cut_1024x1024.jpg?v=1627160672',' ','',' ','','',' ','','','',' ','','','','','162.37','https://locprecision.com/products/i-roc','USD','PK-76','http://schema.org/InStock','','','[]','','','','','','','','','',''
'Scout','https://locprecision.com/cdn/shop/products/80_6b55a75d-e695-4a7e-a5de-144a076af17b_1024x1024.jpg?v=1623330113','','','','','','','','','','','','','','','43.82','https://locprecision.com/products/scout','USD','PK-Scout','http://schema.org/InStock','','','[{''text'': ''Scout2-Instructions'', ''href'': ''https://cdn.shopify.com/s/files/1/0568/7489/3503/files/Scout2-Instructions.pdf?v=1623664171''}, {''text'': ''Scout Rocksim'', ''href'': ''https://cdn.shopify.com/s/files/1/0568/7489/3503/files/Scout.rkt?v=1663184274''}, {''text'': ''MMA-1'', ''href'': ''/products/motor-mount-adapter/''}]','','','','','','','','','',''
'Park Flyer IQSY Tomahawk','https://locprecision.com/cdn/shop/products/71_ce06a60e-e817-4a25-af23-868af18dc88d_1024x1024.jpg?v=1621671995','Intermediate ','1.6″ ','34″ ','11oz ','29mm ',' ','6′ ',' ','1/8″ ','1/8″ ','Yes','','','','46.01','https://locprecision.com/products/pfy-iqsy','USD','PFY-IQSY','http://schema.org/InStock','','','[{''text'': ''Rocksim'', ''href'': ''https://cdn.shopify.com/s/files/1/0568/7489/3503/files/YIQSY1.6.zip?v=1623688571''}, {''text'': ''PFY-IQSY-Instructions'', ''href'': ''https://cdn.shopify.com/s/files/1/0568/7489/3503/files/PFY-IQSY-Instructions.pdf?v=1623688672''}]','','','','','','','','','',''
'5.5" IRIS','https://locprecision.com/cdn/shop/products/77_1024x1024.jpg?v=1627160993',' ','',' ','','',' ','','','',' ','','','',' ','331.7','https://locprecision.com/products/55iris','USD','YIRIS55-75DD','http://schema.org/InStock','IRIS rocket kit','','[{''text'': ''motor mount adaptors'', ''href'': ''/products/motor-mount-adapter/''}, {''text'': ''RockSim'', ''href'': ''https://cdn.shopify.com/s/files/1/0568/7489/3503/files/YIRIS55.zip?v=1623497978''}]','','','','',' ','','','','',''
'V2 5.5"','https://locprecision.com/cdn/shop/products/12_8d005df1-b63d-4aae-b995-13e2bcf9978d_1024x1024.jpg?v=1623390974','','','','','','','','','','','','','','','233.52','https://locprecision.com/products/loc-v2','USD','PK-85','http://schema.org/InStock','','','[{''text'': ''5.5" V2 Instructions'', ''href'': ''https://cdn.shopify.com/s/files/1/0568/7489/3503/files/PK-85V2.pdf?v=1689012391''}, {''text'': ''Rocksim File'', ''href'': ''https://cdn.shopify.com/s/files/1/0568/7489/3503/files/loc_v2_loc55.rkt?v=1657372758''}]','','','','','','','','','',''
'7.5" Bruiser','https://locprecision.com/cdn/shop/products/50_583d7ebc-2300-4c21-9093-5d468f04d280_1024x1024.jpg?v=1621256873','','','','','','','','','','','','','','','297.73','https://locprecision.com/products/bruiser-exp','USD','PK-88','http://schema.org/InStock','Bruiser 7.5" with EXP Package = Dual Deployment, E-bay and extra 30" section of airframe.','','[]','','','','','','','','','',''
'Lil'' Diter','https://locprecision.com/cdn/shop/products/lilditerweb_1024x1024.jpg?v=1640289351','Intermediate','3.1″','46.5"','2.2lbs.','38mm with retention included','LP-28',' ',' ','1/8″','1/4″','Yes','','','','93.87','https://locprecision.com/products/lil-diter','USD','PK-39','http://schema.org/InStock','','','[]','','','','','','','','','',''
'Park Flyer Magnum','https://locprecision.com/cdn/shop/products/52_b2d51839-4b90-42f3-a760-327768c26df9_1024x1024.jpg?v=1621664953','Intermediate ','1.6″ ','25" ','9oz ','29mm ',' ','6'' ',' ','1/8″ ','1/8″ ','Yes','','','','44.89','https://locprecision.com/products/park-flyer-magnum','USD','PFY-MAG','http://schema.org/InStock','','','[{''text'': ''PFY-MAG-Instructions'', ''href'': ''https://cdn.shopify.com/s/files/1/0568/7489/3503/files/PFY-MAG-Instructions.pdf?v=1623671260''}, {''text'': ''Rocksim'', ''href'': ''https://cdn.shopify.com/s/files/1/0568/7489/3503/files/Magnum1.6.zip?v=1623671124''}]','','','','','','','','','',''
'V2 7.5"','https://locprecision.com/cdn/shop/products/15_e5afb83c-6113-4e0b-8948-4fba948d9492_1024x1024.jpg?v=1623392856','','','','','','','','','','','','','','','370.7','https://locprecision.com/products/v2','USD','PK-100','http://schema.org/InStock','','','[{''text'': ''Dude Perfect Rocket Battle 2'', ''href'': ''https://www.youtube.com/watch?v=uPCi5Rs7EuA''}, {''text'': ''MMAS'', ''href'': ''/products/modular-motor-adaptor-for-7-5-kits/''}, {''text'': ''7.5" RNWS'', ''href'': ''/products/rnws/''}, {''text'': ''RNWS-Instructions'', ''href'': ''https://cdn.shopify.com/s/files/1/0568/7489/3503/files/RNWS-Instructions.pdf?v=1623748452''}, {''text'': ''Additional motor adaptors can be purchased here'', ''href'': ''/products/modular-motor-adaptor-for-7-5-v2/''}, {''text'': ''PK-100V2 Instructions'', ''href'': ''https://cdn.shopify.com/s/files/1/0568/7489/3503/files/PK-100V2.pdf?v=1623748420''}, {''text'': ''LOC-PK100-V2 Rocksim'', ''href'': ''https://cdn.shopify.com/s/files/1/0568/7489/3503/files/LOC-PK100-V2.zip?v=1623748389''}]','','','','','','','','','',''
'Expediter','https://locprecision.com/cdn/shop/products/3_aaa25491-cc7c-4501-b4fe-e18a9802f761_1024x1024.jpg?v=1623153146','Intermediate ','4″ ','61.75 ','2.75lbs. ','54mm with ','42” ',' ',' ','1/8″ ','1/4″ ','Yes','','','','130.95','https://locprecision.com/products/expediter','USD','PK-72','http://schema.org/InStock','','','[{''text'': ''PK-72 Expediter Instruction Sheet'', ''href'': ''https://cdn.shopify.com/s/files/1/0568/7489/3503/files/PK-72-Expediter-Instruction-Sheet.pdf?v=1623751928''}, {''text'': ''RockSim'', ''href'': ''https://cdn.shopify.com/s/files/1/0568/7489/3503/files/PK-72-Expediter-1.zip?v=1623751946''}]','','','','','','','','','',''
'Star Fighter','https://locprecision.com/cdn/shop/products/59_f1cc1e27-0cc4-425e-a42f-02060a76af1c_1024x1024.jpg?v=1621665648','Advanced ','1.6″ ','23.5″ ','12oz ','29mm ',' ','6′ ',' ','1/8″ ','1/8″ ','Yes','','','','57.29','https://locprecision.com/products/starfighter','USD','PK-7','http://schema.org/InStock','','','[{''text'': ''PK-07-Instructions'', ''href'': ''https://cdn.shopify.com/s/files/1/0568/7489/3503/files/PK-07-Instructions.pdf?v=1623676657''}, {''text'': ''Rocksim File'', ''href'': ''https://cdn.shopify.com/s/files/1/0568/7489/3503/files/PK-7_STARFIGHTER_1.rkt?v=1691175333''}]','','','','','','','','','',''
'Legacy','https://locprecision.com/cdn/shop/products/95_63247409-5eb4-4c81-a097-0ea146ccf032_1024x1024.jpg?v=1621675429','','','','','','','','','','','','','','','53.08','https://locprecision.com/products/legacy','USD','PK-8','http://schema.org/InStock','','','[{''text'': ''Extreme Decal Set'', ''href'': ''https://stickershock23.com/product/pk-08-legacy/''}, {''text'': ''Rocksim'', ''href'': ''https://cdn.shopify.com/s/files/1/0568/7489/3503/files/PK-8-Legacy.zip?v=1623765358''}]','','','','','','','','','',''
'AMRAAM 3 Missile','https://locprecision.com/cdn/shop/products/AMRAAM3Henry_JustinTN_1024x1024.jpg?v=1633695901','','3.0" | Height: 61.2" | MMT: 54mm','','','','','','','','','','','','','159.38','https://locprecision.com/products/amraam-3-missile','USD','PML-AMRAAM3','http://schema.org/InStock','Specification:','','[]','','','','','','36" | Payload: 24"','4 main and 4 canard | Fin Thickness: 0.06"','','',''
'HyperLOC 1600','https://locprecision.com/cdn/shop/products/38_604f32f4-513f-4da9-9ae7-7c9ee26f6077_1024x1024.jpg?v=1623162991',' ','',' ','','',' ','','','',' ','','','',' ','329.6','https://locprecision.com/products/hyperloc-1600','USD','PK-87','http://schema.org/InStock','','','[{''text'': ''Rocksim file'', ''href'': ''https://cdn.shopify.com/s/files/1/0568/7489/3503/files/PK-87_HyperLOC1600.RKT?v=1679586993''}]','','','','','','','','','',''
'RFS Class 1 Rocket Kit','https://locprecision.com/cdn/shopifycloud/shopify/assets/no-image-2048-5e88c1b20e087fb7bbe9a3771824e743c244f437e4f8ba93bbf7b11b53f7824c_1024x1024.gif','','','','','','','','','','','','','','','148.0','https://locprecision.com/products/rfs-class-1-rocket-kit','USD','PK-RFSClass1','http://schema.org/InStock','','','[]','','','','','','','','','',''
'Ariel','https://locprecision.com/cdn/shop/products/ArielMichelle300tjpg_1024x1024.jpg?v=1633696023','','3.1" | Height: 58" | MMT: 54mm','','','','','','','','','','','','','159.38','https://locprecision.com/products/ariel-rocket','USD','PML-ARIEL','http://schema.org/InStock','','','[{''text'': ''Piston System Kit'', ''href'': ''https://locprecision.com/products/piston-system-kit?variant=40827777614015''}, {''text'': ''Click here for the kit instructions'', ''href'': ''https://cdn.shopify.com/s/files/1/0568/7489/3503/files/Ariel_Build_Instructions.pdf?v=1665779784''}]','','','','','','36" | Payload: 9"','3 (Nike style) | Fin Thickness: 0.06"','','',''
'Spitfire Rocket','https://locprecision.com/cdn/shop/products/spitfire_1024x1024.jpg?v=1638942652','','3.1" | Height: 50.7" | MMT: 38mm','','','','','','','','','','','','','123.0','https://locprecision.com/products/spitfire-rocket','USD','PML-Spitfire','http://schema.org/InStock','','','[{''text'': ''HAMR-38-SET'', ''href'': ''https://locprecision.com/products/29mm-hamr-retainer-set?variant=42162643337449''}, {''text'': ''HAMR-38/29-ADPTR'', ''href'': ''https://locprecision.com/products/38mm-to-29mm-motor-adapter-for-hamr-38?_pos=3&_sid=fdeb30ca4&_ss=r''}, {''text'': ''Click here for the kit instructions'', ''href'': ''https://cdn.shopify.com/s/files/1/0588/8370/2933/files/Spitfire_instruction_booklet.pdf?v=1631170690''}]','','','','','','36" | Payload: None','3 | Fin Thickness: 0.06"','','',''
'RFS Class 2 Rocket Kit','https://locprecision.com/cdn/shopifycloud/shopify/assets/no-image-2048-5e88c1b20e087fb7bbe9a3771824e743c244f437e4f8ba93bbf7b11b53f7824c_1024x1024.gif','','','','','','','','','','','','','','','230.0','https://locprecision.com/products/rfs-class-2-rocket-kit','USD','PK-RFSClass2','http://schema.org/InStock','','','[]','','','','','','','','','',''
'Cyclotron','https://locprecision.com/cdn/shop/products/Screenshot2023-04-12at9.08.09AM_1024x1024.png?v=1681308880','','','','','','','','','','','','','','','98.81','https://locprecision.com/products/cyclotron','USD','PK-47','http://schema.org/InStock','','','[{''text'': ''Instructions'', ''href'': ''https://cdn.shopify.com/s/files/1/0568/7489/3503/files/PK-47_Cyclotron_Assy-old.pdf?v=1656360591''}]','','','','','','','','','',''
'29SS - No Decal','https://locprecision.com/cdn/shop/products/55_1024x1024.jpg?v=1620824495','','','','','','','','','','','','','','','96.34','https://locprecision.com/products/4-29ss','USD','PK-36ND','http://schema.org/InStock','','','[]','','','','','','','','','',''
'Miranda Rocket','https://locprecision.com/cdn/shop/products/mirandarocket_1024x1024.jpg?v=1638942692','','3.1" | Height: 62" | MMT: 54','','','','','','','','','','','','','159.38','https://locprecision.com/products/miranda-rocket','USD','PML-Miranda','http://schema.org/InStock','','','[{''text'': ''Piston System Kit'', ''href'': ''https://locprecision.com/products/piston-system-kit?variant=40827777614015''}]','','','','','','36" | Payload: 12"','6 | Fin Thickness: 0.06"','','',''
'Quicksilver','https://locprecision.com/cdn/shop/products/QuicksilverModel_0010tn_1024x1024.jpg?v=1633695654','','2.2" | Height: 54.5" | MMT: 38mm','','','','','','','','','','','','','128.35','https://locprecision.com/products/quicksilver','USD','PML-QuickSilver','http://schema.org/InStock','','','[{''text'': ''HAMR-38-SET'', ''href'': ''https://locprecision.com/products/29mm-hamr-retainer-set?variant=42162643337449''}, {''text'': ''HAMR-38/29-ADPTR'', ''href'': ''https://locprecision.com/products/38mm-to-29mm-motor-adapter-for-hamr-38?_pos=3&_sid=fdeb30ca4&_ss=r''}, {''text'': ''Download Quicksilver Instructions'', ''href'': ''https://cdn.shopify.com/s/files/1/0588/8370/2933/files/quicksilver_instruction_booklet.pdf?v=1629982357''}, {''text'': ''Download Motor Recommendations'', ''href'': ''https://cdn.shopify.com/s/files/1/0588/8370/2933/files/pmlaltis.pdf?v=1629982416''}, {''text'': ''Motor Recommendations'', ''href'': ''https://cdn.shopify.com/s/files/1/0588/8370/2933/files/pmlalti.pdf?v=1629694309''}, {''text'': ''More Specifications'', ''href'': ''https://cdn.shopify.com/s/files/1/0588/8370/2933/files/kitspec.pdf?v=1629694081''}]','','','','','','28" | Payload: 9"','6 (low aspect ratio) | Fin Thickness: 0.06"','','',''
'Tethys Rocket','https://locprecision.com/cdn/shop/products/IMG_0914_1024x1024.jpg?v=1669150944','','3.9" | Height: 53" | MMT: 54mmt','','','','','','','','','','','','','159.38','https://locprecision.com/products/tethys-rocket','USD','','http://schema.org/InStock','','','[{''text'': ''PML General Kit Instructions'', ''href'': ''https://cdn.shopify.com/s/files/1/0568/7489/3503/files/PML_General_Kit_Instructions.pdf?v=1669152896''}]','','','','','','50" | Payload: None','3 | Fin Thickness: 0.093"','','',''
'Endeavour Rocket','https://locprecision.com/cdn/shop/products/endeavour_1024x1024.jpg?v=1638942343','','','','','','','','','','','','','','','213.95','https://locprecision.com/products/endeavour-rocket','USD','PML-Endeavour','http://schema.org/InStock','','','[{''text'': ''54mm HAMR aluminum motor retainer'', ''href'': ''https://locprecision.com/products/29mm-hamr-retainer-set?variant=42162643370217''}, {''text'': ''38mm adapter'', ''href'': ''https://locprecision.com/products/54mm-to-38mm-motor-adapter-for-hamr-54?_pos=4&_sid=9ac1df009&_ss=r''}, {''text'': ''PML General Kit Instructions'', ''href'': ''https://cdn.shopify.com/s/files/1/0568/7489/3503/files/PML_General_Kit_Instructions.pdf?v=1669152896''}]','','','','','','','','','',''
'7.5" Phoenix','https://locprecision.com/cdn/shop/products/51_8baf9381-7c10-4d82-be30-81c73227443b_1024x1024.jpg?v=1623328651','','','','','','','','','','','','','',' ','392.67','https://locprecision.com/products/phoenix-75','USD','YAIM75','http://schema.org/InStock','7.5" AIM-54C 1/2 scale Phoenix','','[{''text'': ''Dude Perfect Rocket Battle 2'', ''href'': ''https://www.youtube.com/watch?v=uPCi5Rs7EuA''}]','','','','','','','','','',''
'Cool Spool','https://locprecision.com/cdn/shop/products/21_1024x1024.jpg?v=1621496407','','','','','','','','','','','','','','','21.35','https://locprecision.com/products/cool-spool','USD','PC-CoolSpool','http://schema.org/OutOfStock','','','[]','','','','','','','','','',''
'Quasar Rocket','https://locprecision.com/cdn/shop/products/quasar_1024x1024.jpg?v=1638942613','','2.5" | Height: 56" | MMT: 54mm','','','','','','','','','','','','','146.54','https://locprecision.com/products/quasar-rocket','USD','PML-QUASAR','http://schema.org/OutOfStock','Specification:','','[{''text'': ''Instructions'', ''href'': ''https://cdn.shopify.com/s/files/1/0568/7489/3503/files/Quasar_instruction_booklet_no_KS.pdf?v=1666149451''}]','','','','','','36" | Payload: 9"','3 | Fin Thickness: 0.06"','','',''
'Mystic Rocket','https://locprecision.com/cdn/shop/products/MysticHolding_0016tn_1024x1024.jpg?v=1633696017','','3.1" | Height: 37.2" | MMT: 38mm','','','','','','','','','','','','','117.65','https://locprecision.com/products/mystic-rocket','USD','','http://schema.org/InStock','','','[{''text'': ''HAMR-38- SET'', ''href'': ''https://locprecision.com/products/29mm-hamr-retainer-set?variant=42162643337449''}, {''text'': ''HAMR-ADPTR-38/29'', ''href'': ''https://locprecision.com/products/38mm-to-29mm-motor-adapter-for-hamr-38?_pos=4&_sid=873e52dcf&_ss=r''}, {''text'': ''Piston System Kit'', ''href'': ''https://locprecision.com/products/piston-system-kit?variant=40827777614015''}, {''text'': ''PML General Instructions'', ''href'': ''https://cdn.shopify.com/s/files/1/0568/7489/3503/files/PML_General_Kit_Instructions_rev_2.pdf?v=1679591926''}]','','','','','','28" | Payload: None','4 | Fin Thickness: 0.06"','','',''
'Io Rocket Kit','https://locprecision.com/cdn/shop/products/IoJerry300t_1024x1024.jpg?v=1633695656','','2.1" | Height: 33" | MMT: 38mm','','','','','','','','','','','','','85.55','https://locprecision.com/products/io','USD','PML-IO-29mm','http://schema.org/InStock','','','[{''text'': ''HAMR-38-SET'', ''href'': ''https://locprecision.com/products/29mm-hamr-retainer-set?variant=42162643337449''}, {''text'': ''HAMR-38/29-ADPTR'', ''href'': ''https://locprecision.com/products/38mm-to-29mm-motor-adapter-for-hamr-38?_pos=3&_sid=fdeb30ca4&_ss=r''}, {''text'': ''Download Io Instructions'', ''href'': ''https://cdn.shopify.com/s/files/1/0588/8370/2933/files/Ioinstructionbooklet.pdf?v=1630059222''}]','','','','','','24" | Payload: None','3 (Nike style) | Fin Thickness: 0.06"','','',''
'Andromeda','https://locprecision.com/cdn/shop/products/AndomedaArtHorizontalTN_1024x1024.jpg?v=1633696014','','3.9" | Height: 64.5" | MMT: 54mm MMT w/ Adapter for 38mm','','','','','','','','','','','','','224.65','https://locprecision.com/products/andromeda-54-38','USD','PML-Andromeda','http://schema.org/InStock','','','[{''text'': ''Andromeda 54/38 Kit Instructions'', ''href'': ''https://cdn.shopify.com/s/files/1/0568/7489/3503/files/Andromeda_Build_Instructions.pdf?v=1665779779''}, {''text'': ''Andromeda Rocksim file'', ''href'': ''https://cdn.shopify.com/s/files/1/0568/7489/3503/files/Andromeda_54mm.rkt?v=1670646901''}, {''text'': '''', ''href'': ''https://publicmissiles.com/images/Andromeda54-38.rkt''}]','','','','','','60" Nylon | Payload: 12"','3 | Fin Thickness: 0.093" Pre-beveled','','',''
'AGM-256 Pit Bull','https://locprecision.com/cdn/shop/products/AGM256PitBullTN_1024x1024.jpg?v=1633695896','','2.56" | Height: 35" | MMT: 38mm','','','','','','','','','','','','','139.05','https://locprecision.com/products/agm-256-pit-bull','USD','PML-256PitBull','http://schema.org/OutOfStock','','','[{''text'': ''HAMR-38-SET'', ''href'': ''https://locprecision.com/products/29mm-hamr-retainer-set?variant=42162643337449''}, {''text'': ''HAMR-38/29-ADPTR'', ''href'': ''https://locprecision.com/products/38mm-to-29mm-motor-adapter-for-hamr-38?_pos=3&_sid=fdeb30ca4&_ss=r''}, {''text'': ''Piston System Kit'', ''href'': ''https://locprecision.com/products/piston-system-kit?variant=40827777614015''}, {''text'': ''Click here for the kit instructions'', ''href'': ''https://cdn.shopify.com/s/files/1/0588/8370/2933/files/AGM256instructionbooklet.pdf?v=1630084615''}, {''text'': ''Rocksim file'', ''href'': ''https://cdn.shopify.com/s/files/1/0568/7489/3503/files/AGM256-38mm.rkt?v=1670257450''}]','','','','','','28" | Payload: None','4 main and 4 canards | Fin Thickness: 0.06"','','',''
'1/6 Scale Patriot Missile','https://locprecision.com/cdn/shop/products/Pat26-0973TN_1024x1024.jpg?v=1633695893','','','','','','','','','','','','','','','96.28','https://locprecision.com/products/1-6-scale-patriot-missile','USD','PML-26-Patriot','http://schema.org/OutOfStock','','','[{''text'': ''HAMR-38-SET'', ''href'': ''https://locprecision.com/products/29mm-hamr-retainer-set?variant=42162643337449''}, {''text'': ''HAMR-38/29-ADPTR'', ''href'': ''https://locprecision.com/products/38mm-to-29mm-motor-adapter-for-hamr-38?_pos=3&_sid=fdeb30ca4&_ss=r''}, {''text'': ''Click here for the kit instructions'', ''href'': ''https://cdn.shopify.com/s/files/1/0588/8370/2933/files/Patriot_2-6_instruction_booklet.pdf?v=1630068887''}, {''text'': ''Motor Recommendations'', ''href'': ''https://cdn.shopify.com/s/files/1/0588/8370/2933/files/pmlalti_1.pdf?v=1630060581''}, {''text'': ''More Specifications'', ''href'': ''https://cdn.shopify.com/s/files/1/0588/8370/2933/files/kitspec_1.pdf?v=1630060817''}]','','','','','','','','','',''
'Explorer','https://locprecision.com/cdn/shop/products/ExplorerJerry300t_1024x1024.jpg?v=1633695662','','2.5" | Height: 48" | MMT: 38mm','','','','','','','','','','','','','106.95','https://locprecision.com/products/explorer','USD','PML-Explorer','http://schema.org/OutOfStock','','','[{''text'': ''HAMR-38-SET'', ''href'': ''https://locprecision.com/products/29mm-hamr-retainer-set?variant=42162643337449''}, {''text'': ''HAMR-38/29-ADPTR'', ''href'': ''https://locprecision.com/products/38mm-to-29mm-motor-adapter-for-hamr-38?_pos=3&_sid=fdeb30ca4&_ss=r''}, {''text'': ''Download Explorer Instructions'', ''href'': ''https://cdn.shopify.com/s/files/1/0588/8370/2933/files/Explorerinstructionbooklet.pdf?v=1630064124''}]','','','','','','30" | Payload: None','3 | Fin Thickness: 0.06"','','',''
'Tri Star 4" 3-38mm','https://locprecision.com/cdn/shop/products/99_8b8cddf1-9f7a-4039-8492-28103585ca7a_1024x1024.jpg?v=1623335242','','','','','','','','','','','','','','','129.42','https://locprecision.com/products/tri-star-4-3-38mm','USD','PK-31 Tri Star 4" 3-38mm','http://schema.org/InStock','Tri Star 4" 3-38mm','','[]','','','','','','','','','',''
'Sudden Rush','https://locprecision.com/cdn/shop/products/IMG_0975_1024x1024.jpg?v=1669151050','','3.1" | Height: 70" | MMT: 54mm','','','','','','','','','','','','','267.45','https://locprecision.com/products/sudden-rush','USD','','http://schema.org/InStock','The SUDDEN RUSH is an overall great and versatile kit for Level 1 and 2 flights. This rocket stands 66" tall, is 3.1" in diameter and has a 3 fin design. This rocket comes standard with a 54mm HAMR retainer with 38 & 29mm adapters, and can fly on H thru J motors. At ~72 oz., the 48" main & 18" drogue parachute is sized right for a safe landing under most field conditions. This kit comes standard with rail guides for use with 10/10 launch rails.','','[{''text'': ''PML General Kit Instructions'', ''href'': ''https://cdn.shopify.com/s/files/1/0568/7489/3503/files/PML_General_Kit_Instructions.pdf?v=1669152896''}, {''text'': ''Rocksim file'', ''href'': ''https://cdn.shopify.com/s/files/1/0568/7489/3503/files/SuddenRush_54mm.rkt?v=1670258517''}]','','','','','','48" main & 18" drogue | Payload: 14"','3 | Fin Thickness: 0.093" ','','',''
'King Viper III','https://locprecision.com/cdn/shop/products/50_8849568e-0b1a-49c6-93ee-7125f17b9932_1024x1024.jpg?v=1623221509','','','','','','','','','','','','','','','320.03','https://locprecision.com/products/king-viper-iii','USD','PK-92','http://schema.org/InStock','The KING VIPER III is a unique 3 x 54mm motor cluster whose fins attach into the valleys of the motor mount tube cluster which extends beyond the main airframe. It can attain altitudes over 6800'' using I motors and can fly nicely on 3 H180s as well using MMA-3 adapters. Don''t let the picture fool you - this is one TALL rocket! For serious cluster flyers only! Includes EB-5.38 electronics bay.','','[{''text'': ''Rocksim file'', ''href'': ''https://cdn.shopify.com/s/files/1/0568/7489/3503/files/PK-92_King_Viper.RKT?v=1689216088''}]','','',' ','','','','','','',''
'Black Brant VB Sounding Rocket','https://locprecision.com/cdn/shop/products/BlackBrantVbFrank300t_1024x1024.jpg?v=1633695904','','2.5" | Height: 51" | MMT: 38mm','','','','','','','','','','','','','106.95','https://locprecision.com/products/black-brant-vb-sounding-rocket','USD','PML-Black Brant VB','http://schema.org/OutOfStock','','','[{''text'': ''HAMR-38-SET'', ''href'': ''https://locprecision.com/products/29mm-hamr-retainer-set?variant=42162643337449''}, {''text'': ''HAMR-38/29-ADPTR'', ''href'': ''https://locprecision.com/products/38mm-to-29mm-motor-adapter-for-hamr-38?_pos=3&_sid=fdeb30ca4&_ss=r''}, {''text'': ''Piston System Kit'', ''href'': ''https://locprecision.com/products/piston-system-kit?variant=40827777614015''}, {''text'': '''', ''href'': ''https://cdn.shopify.com/s/files/1/0588/8370/2933/files/BlackBrantVbDataSheet.pdf?v=1630350429''}, {''text'': ''Click here for the kit instructions in PDF format'', ''href'': ''https://cdn.shopify.com/s/files/1/0588/8370/2933/files/BBVbinstructionbooklet.pdf?v=1630350429''}]','','','','','','28" | Payload: 9”','3 swept back | Fin Thickness: 0.06"','','',''
'Small Endeavour','https://locprecision.com/cdn/shop/products/smallendeavour_1024x1024.jpg?v=1638942270','','2.5" | Height: 47.25" | MMT: 38mm','','','','','','','','','','','','','106.95','https://locprecision.com/products/small-endeavour','USD','PML-SmallEndeavour','http://schema.org/OutOfStock','','','[{''text'': ''HAMR-38-SET'', ''href'': ''https://locprecision.com/products/29mm-hamr-retainer-set?variant=42162643337449''}, {''text'': ''HAMR-38/29-ADPTR'', ''href'': ''https://locprecision.com/products/38mm-to-29mm-motor-adapter-for-hamr-38?_pos=21&_sid=21b6f4a15&_ss=r''}, {''text'': ''PML Build Instructions'', ''href'': ''https://cdn.shopify.com/s/files/1/0568/7489/3503/files/PML_General_Kit_Instructions_rev_2.pdf?v=1677442233''}, {''text'': '''', ''href'': ''https://cdn.shopify.com/s/files/1/0588/8370/2933/files/pmlalti_1.pdf?v=1630060581''}, {''text'': '''', ''href'': ''https://cdn.shopify.com/s/files/1/0588/8370/2933/files/pmlalti_1.pdf?v=1630060581''}]','','','','','','36" | Payload: None','3 (Split-fin) | Fin Thickness: 0.06"','','',''
'Phobos','https://locprecision.com/cdn/shop/products/phoboswebpic_1024x1024.jpg?v=1638942492','','2.2" | Height: 57" | MMT: 38mm','','','','','','','','','','','','','106.95','https://locprecision.com/products/phobos','USD','PML-Phobos','http://schema.org/OutOfStock','','','[{''text'': ''38MM HAMR Retainer set'', ''href'': ''https://locprecision.com/products/29mm-hamr-retainer-set?variant=42162643337449''}, {''text'': ''38mm to 29mm Motor Adapter for HAMR-38'', ''href'': ''https://locprecision.com/products/38mm-to-29mm-motor-adapter-for-hamr-38?_pos=4&_sid=d22ad4bdc&_ss=r''}, {''text'': '''', ''href'': ''https://cdn.shopify.com/s/files/1/0588/8370/2933/files/Phobosinstructionbooklet.pdf?v=1630062404''}, {''text'': ''Motor Recommendations\xa0'', ''href'': ''https://cdn.shopify.com/s/files/1/0588/8370/2933/files/pmlalti_1.pdf?v=1630060581''}, {''text'': ''More Specifications'', ''href'': ''https://cdn.shopify.com/s/files/1/0588/8370/2933/files/kitspec_1.pdf?v=1630060817''}]','','','','','','30" | Payload: 12"','3 | Fin Thickness: 0.06"','','',''
'Yank Sandhawk 5.5"','https://locprecision.com/cdn/shop/products/54_f5a14cfe-43b9-4c32-84de-690db043732e_1024x1024.jpg?v=1623487020','','','','','','','','','','','','','','','280.32','https://locprecision.com/products/yshawk55','USD','YSHAWK55','http://schema.org/InStock','Yank Aeronautics designed 5.5" Sandhawk rocket kit.','','[{''text'': ''View launch video'', ''href'': ''https://youtu.be/Vs0iIx-4sB0''}, {''text'': ''55LOCSandhawk Rocksim'', ''href'': ''https://cdn.shopify.com/s/files/1/0568/7489/3503/files/55LOCSandhawk.rkt?v=1700939663''}]','','','','','','','','','',''
'X-Calibur','https://locprecision.com/cdn/shop/products/xcalibur_1024x1024.jpg?v=1638942534','','2.2" | Height: 46" | MMT: 38mm','','','','','','','','','','','','','112.3','https://locprecision.com/products/x-calibur','USD','PML-X-Calibur','http://schema.org/InStock','Six fins, a large payload section, and PML''s standard G10 fins, QT airframe, and great quality make this a bird you''re sure to enjoy.','','[{''text'': ''HAMR-38-SET'', ''href'': ''https://locprecision.com/products/29mm-hamr-retainer-set?variant=42162643337449''}, {''text'': ''HAMR-38/29-ADPTR'', ''href'': ''https://locprecision.com/products/38mm-to-29mm-motor-adapter-for-hamr-38?_pos=3&_sid=fdeb30ca4&_ss=r''}]','','','','','','30" | Payload: 12"','6 unusual | Fin Thickness: 0.06"','','',''
'Matrix','https://locprecision.com/cdn/shop/products/MatrixJerry300t_1024x1024.jpg?v=1633696012','','3.1" | Height: 52" | MMT: 38mm','','','','','','','','','','','','','149.75','https://locprecision.com/products/matrix','USD','PML-Matrix','http://schema.org/OutOfStock','','','[{''text'': ''Click here for the complete Data Sheet'', ''href'': ''https://cdn.shopify.com/s/files/1/0588/8370/2933/files/MatrixDataSheet.pdf?v=1630413771''}, {''text'': ''Click here for the kit instructions in PDF format'', ''href'': ''https://cdn.shopify.com/s/files/1/0588/8370/2933/files/Matrixinstructionbooklet.pdf?v=1630413838''}, {''text'': ''Motor Recommendations'', ''href'': ''https://cdn.shopify.com/s/files/1/0588/8370/2933/files/pmlalti_1.pdf?v=1630060581''}, {''text'': ''More Specifications'', ''href'': ''https://cdn.shopify.com/s/files/1/0588/8370/2933/files/kitspec_1.pdf?v=1630060817''}]','','','','','','36" | Payload: 12"','3 split main and 6 mini-canard | Fin Thickness: 0.06"','','',''
'AMRAAM 4 Missile','https://locprecision.com/cdn/shop/products/amraam4_f53b346a-853b-4b2c-a4f0-de663b174b6e_1024x1024.jpg?v=1638942136','','3.9" | Height: 77" | MMT: 54','','','','','','','','','','','','','244.98','https://locprecision.com/products/amraam-4-missile','USD','PML-AMRAAM4','http://schema.org/OutOfStock','','','[]','','','','','','50" | Payload: 24"','4 main and 4 canards | Fin Thickness: 0.06"','','',''
'PML AMRAAM 2','https://locprecision.com/cdn/shop/products/amraam2_1024x1024.jpg?v=1638941619','','2.2" | Height: 42" | MMT: 29mm','','','','','','','','','','','','','103.74','https://locprecision.com/products/amraam-2-kits','USD','PML-AMRAAM229','http://schema.org/OutOfStock','','','[{''text'': ''Click here for the complete Data Sheet.'', ''href'': ''https://cdn.shopify.com/s/files/1/0588/8370/2933/files/AMRAAM2DataSheet.pdf?v=1630348262''}, {''text'': ''Click here for the kit instructions in PDF format.'', ''href'': ''https://cdn.shopify.com/s/files/1/0588/8370/2933/files/amraam2instructions.pdf?v=1630348218''}, {''text'': ''Motor Recommendations'', ''href'': ''https://cdn.shopify.com/s/files/1/0588/8370/2933/files/pmlalti_1.pdf?v=1630060581''}, {''text'': ''More Specifications'', ''href'': ''https://cdn.shopify.com/s/files/1/0588/8370/2933/files/kitspec_1.pdf?v=1630060817''}]','','','','','','24" | Payload: None','4 main and 4 canard | Fin Thickness: 0.06"','','',''
'Yank IQSY Tomahawk 3"','https://locprecision.com/cdn/shopifycloud/shopify/assets/no-image-2048-5e88c1b20e087fb7bbe9a3771824e743c244f437e4f8ba93bbf7b11b53f7824c_1024x1024.gif','','','','','','','','','','','','','','','94.96','https://locprecision.com/products/yank-iqsy-tomahawk-3','USD','YIQSY3','http://schema.org/OutOfStock','','','[]','','','','','','','','','',''
'Cruiser','https://locprecision.com/cdn/shop/products/89_205db863-e585-4ce4-b886-7083d979035b_1024x1024.jpg?v=1623142526','','','','','','','','','','','','','','','332.56','https://locprecision.com/products/cruiser','USD','PK-93DS','http://schema.org/OutOfStock','','','[]','','','','','','','','','',''
'Intruder Rocket','https://locprecision.com/cdn/shop/products/IntruderJerry300t_1024x1024.jpg?v=1633696020','','3.1" | Height: 58" | MMT: 38mm','','','','','','','','','','','','','171.15','https://locprecision.com/products/intruder-rocket','USD','','http://schema.org/OutOfStock','','','[{''text'': ''Click here for the complete Data Sheet'', ''href'': ''https://cdn.shopify.com/s/files/1/0588/8370/2933/files/IntruderDataSheet.pdf?v=1631174645''}, {''text'': ''Click here for the kit instructions'', ''href'': ''https://cdn.shopify.com/s/files/1/0588/8370/2933/files/Intruderinstructionbooklet.pdf?v=1631174646''}]','','','','','','48" | Payload: 9"','5 unusual | Fin Thickness: 0.06"','','',''
'D-region Tomahawk Sounding Rocket','https://locprecision.com/cdn/shop/products/TommyRobSmallAnnot_1024x1024.jpg?v=1633695906','','3.1" | Height: 71" | MMT: 38mm','','','','','','','','','','','','','159.38','https://locprecision.com/products/d-region-tomahawk-sounding-rocket','USD','','http://schema.org/OutOfStock','','','[{''text'': ''Click here for the complete Data Sheet'', ''href'': ''https://cdn.shopify.com/s/files/1/0588/8370/2933/files/DRegionTomahawkDataSheet.pdf?v=1630392993''}, {''text'': ''Click here for the kit instructions'', ''href'': ''https://cdn.shopify.com/s/files/1/0588/8370/2933/files/Tomahawkinstructionbooklet.pdf?v=1630392993''}, {''text'': ''Motor Recommendations'', ''href'': ''https://cdn.shopify.com/s/files/1/0588/8370/2933/files/pmlalti_1.pdf?v=1630060581''}, {''text'': ''More Specifications'', ''href'': ''https://cdn.shopify.com/s/files/1/0588/8370/2933/files/kitspec_1.pdf?v=1630060817''}]','','','','','','48" | Payload: 21"','4 | Fin Thickness: 0.06"','','',''
'Mini-BBX Rocket','https://locprecision.com/cdn/shop/products/minibbx_1024x1024.jpg?v=1638942425','','2.2" | Height: 61" | MMT: 29mm','','','','','','','','','','','','','159.38','https://locprecision.com/products/mini-bbx-rocket','USD','','http://schema.org/OutOfStock','','','[{''text'': ''click here'', ''href'': ''https://publicmissiles.com/kits/kits.asp?groupid=44#MINI-BBX-CPR3K''}, {''text'': ''Click here for the complete Data Sheet'', ''href'': ''https://cdn.shopify.com/s/files/1/0588/8370/2933/files/MiniBBXDataSheet.pdf?v=1630347772''}, {''text'': ''Click here for the kit instructions'', ''href'': ''https://cdn.shopify.com/s/files/1/0588/8370/2933/files/MiniBBXinstructionbooklet.pdf?v=1630347726''}, {''text'': ''Motor Recommendations'', ''href'': ''https://cdn.shopify.com/s/files/1/0588/8370/2933/files/pmlalti_1.pdf?v=1630060581''}, {''text'': ''More Specifications'', ''href'': ''https://cdn.shopify.com/s/files/1/0588/8370/2933/files/kitspec_1.pdf?v=1630060817''}]','','','','','','30" | Payload: 21.5','4 main and 4 canards | Fin Thickness: 0.06"','','',''
'Ultimate Endeavour','https://locprecision.com/cdn/shop/products/UltimateEndeavourAnnot_1024x1024.jpg?v=1633696608','','6.0 in. | Height: 108 in. | MMT: 54mm w/(3) 38mm','','','','','','','','','','','','','427.95','https://locprecision.com/products/ultimate-endeavour','USD','','http://schema.org/OutOfStock','','','[{''text'': ''CPR Systems page'', ''href'': ''https://publicmissiles.com/product/cpr3000systems''}, {''text'': ''Click here for the kit instructions.'', ''href'': ''https://cdn.shopify.com/s/files/1/0588/8370/2933/files/ultimateendeavourinstructions.pdf?v=1630402444''}, {''text'': ''Motor Recommendations'', ''href'': ''https://cdn.shopify.com/s/files/1/0588/8370/2933/files/pmlalti_1.pdf?v=1630060581''}, {''text'': ''More Specifications'', ''href'': ''https://cdn.shopify.com/s/files/1/0588/8370/2933/files/kitspec_1.pdf?v=1630060817''}]','','','','','','60" & 48" | Payload: 36"','3 (Split-fin) | Fin Thickness: 0.09"','','',''
'Cirrus Rocket Kits','https://locprecision.com/cdn/shop/products/cirrus_1024x1024.jpg?v=1642394686','','1.5" | Height: 44" | MMT: 38mm (Minimum Dia)','','','','','','','','','','','','','74.85','https://locprecision.com/products/cirrus-rocket-kits','USD','','http://schema.org/OutOfStock','','','[{''text'': ''Click here for the complete Data Sheet.'', ''href'': ''https://publicmissiles.com/secure/images/CirrusDartDataSheet.pdf''}, {''text'': ''Motor Recommendations'', ''href'': ''https://cdn.shopify.com/s/files/1/0588/8370/2933/files/pmlalti_1.pdf?v=1630060581''}, {''text'': ''More Specifications'', ''href'': ''https://cdn.shopify.com/s/files/1/0588/8370/2933/files/kitspec_1.pdf?v=1630060817''}]','','','','','','18" | Payload: 7.5"','3 | Fin Thickness: 0.06"','','',''
'PML Little Lunar Express','https://locprecision.com/cdn/shop/products/littlelunarexpress_1024x1024.jpg?v=1638942385','','3.9 | Height: 35" | MMT: 38mm','','','','','','','','','','','','','192.55','https://locprecision.com/products/little-lunar-express-rocket','USD','PML-LIL-LUNAR-EXPRESS','http://schema.org/OutOfStock','','','[{''text'': ''Click here for the complete Data Sheet.'', ''href'': ''https://cdn.shopify.com/s/files/1/0588/8370/2933/files/LittleLunarExpressDataSheet.pdf?v=1631179570''}, {''text'': ''Click here for the kit instructions.'', ''href'': ''https://cdn.shopify.com/s/files/1/0588/8370/2933/files/littlelunarinstructions.pdf?v=1631179570''}]','','','','','','oversized 54" | Payload: None','unusual 4 | Fin Thickness: 0.06"','','',''
'4" HAWK','https://locprecision.com/cdn/shop/products/64_1024x1024.jpg?v=1620827881','Expert ','4″ ','54" ','5.5lbs ','54mm ',' ',' ',' ','1/4″ ','1/4″ ','Yes','','','','159.97','https://locprecision.com/products/yhawk4','USD','YHAWK4','http://schema.org/OutOfStock','Vinyl Decal: Yes','','[{''text'': ''YHAWK4'', ''href'': ''https://cdn.shopify.com/s/files/1/0568/7489/3503/files/YHAWK4.zip?v=1623505655''}, {''text'': ''4" RNWS'', ''href'': ''/products/rnws/''}]','','','','','','','','','',''
'3" HAWK','https://locprecision.com/cdn/shop/products/52_1024x1024.jpg?v=1620823795','','','','','','','','','','','','','','','93.63','https://locprecision.com/products/yhawk3','USD','YHAWK3','http://schema.org/OutOfStock','Designed for mid-power F-G powered flights, the HAWK Features a double slotted airframe to keep those long fins straight, Boat tail and rail buttons!','','[{''text'': ''YHAWK3'', ''href'': ''https://cdn.shopify.com/s/files/1/0568/7489/3503/files/YHAWK3.pdf?v=1623648062''}, {''text'': ''YHAWK3'', ''href'': ''https://cdn.shopify.com/s/files/1/0568/7489/3503/files/YHAWK3.zip?v=1623648016''}]','','','','','','','','','',''
'RETRO-TopGun','https://locprecision.com/cdn/shop/products/16_1024x1024.jpg?v=1620835433','','','','','','','','','','','','','','','492.2','https://locprecision.com/products/top-gunn','USD','RETRO-TopGun','http://schema.org/OutOfStock','Each kit is built to the specs of one of Ron’s classic “LOC Custom Engineering” bad boys!!! 100” tall, 7.5” Diameter with a fiberglass transition to 5.5”. Includes ALL things necessary to fly except the motors! Tubular Nylon, 78” LOC Parachute, a 7 pack of 54mm motor tubes, Rail Buttons AND ½” lugs!!! All couplers receive a “stiffy”. Instructions from 1984 included!','','[]','','','','','','','','','',''
'NORAD Pro Maxx','https://locprecision.com/cdn/shop/products/46_4c9882ee-4fe8-4e0c-82b6-ae19e4b4a064_1024x1024.jpg?v=1623250221','','','','','','','','','','','',' ','','','94.11','https://locprecision.com/products/norad-pro-maxx','USD','PK-45','http://schema.org/OutOfStock','','','[{''text'': ''YouTube Vid'', ''href'': ''https://www.youtube.com/watch?v=Onf0DMeG-E0''}]','','','','','','','','','',''
