handle,id,detail_url,image_url
loc-iv,6677839020223,https://locprecision.com/collections/rocket-kits/products/loc-iv,//locprecision.com/cdn/shop/products/78_b74019b7-1f76-4fae-8959-43303c7bdc0d_540x.jpg?v=1623234669
loc-goblin,6677843771583,https://locprecision.com/collections/rocket-kits/products/loc-goblin,//locprecision.com/cdn/shop/products/62_d8924c62-c931-4f6b-b1c8-ffd56345549d_540x.jpg?v=1627161576
yiris4,6677841936575,https://locprecision.com/collections/rocket-kits/products/yiris4,//locprecision.com/cdn/shop/products/YIRIS4-Cut_540x.jpg?v=1627160266
ezi-65,6677839118527,https://locprecision.com/collections/rocket-kits/products/ezi-65,//locprecision.com/cdn/shop/products/5_e355f117-9cf3-4e73-a7ac-aebafb73a84d_540x.jpg?v=1623155157
iris,6677838758079,https://locprecision.com/collections/rocket-kits/products/iris,//locprecision.com/cdn/shop/products/46_37718adf-58bf-4b32-b9ea-bfb6d9d58b68_540x.jpg?v=1623163828
forte,6677838725311,https://locprecision.com/collections/rocket-kits/products/forte,//locprecision.com/cdn/shop/products/17_7c25f8b4-6cff-4524-93dd-87d1654f9749_540x.jpg?v=1623160043
vulcanite-h76,6677838397631,https://locprecision.com/collections/rocket-kits/products/vulcanite-h76,//locprecision.com/cdn/shop/products/79_7f7d051e-e1dd-4f1f-b0a1-08dcf0e4b61a_540x.jpg?v=1621673280
hi-tech,6677838627007,https://locprecision.com/collections/rocket-kits/products/hi-tech,//locprecision.com/cdn/shop/products/27_584f6406-dcc8-47b0-9e3d-f3b26cec53df_540x.jpg?v=1623161770
t-loc-4,6677845639359,https://locprecision.com/collections/rocket-kits/products/t-loc-4,//locprecision.com/cdn/shop/products/94_5fe9a93f-2277-47dd-8111-3977a90ef038_540x.jpg?v=1623335223
minie-mag,6677839380671,https://locprecision.com/collections/rocket-kits/products/minie-mag,//locprecision.com/cdn/shop/products/18_d0efec94-18e7-4b34-958b-81dfd206dc72_540x.jpg?v=1623241291
athena3,6677838692543,https://locprecision.com/collections/rocket-kits/products/athena3,//locprecision.com/cdn/shop/products/24_653e2768-a1a2-4d13-a0e5-35e7594587c2_540x.jpg?v=1620915799
graduator,6677838594239,https://locprecision.com/collections/rocket-kits/products/graduator,//locprecision.com/cdn/shop/products/22_e4d617f2-b2b2-4c8b-9be8-4de73c2d75a3_540x.jpg?v=1623161201
warlock,6677839282367,https://locprecision.com/collections/rocket-kits/products/warlock,//locprecision.com/cdn/shop/products/23_6964f28a-859f-4e7a-9720-7b6f8f61c593_540x.jpg?v=1623393514
phoenix4,6677844361407,https://locprecision.com/collections/rocket-kits/products/phoenix4,//locprecision.com/cdn/shop/products/58_5f17c930-733f-4953-9ad3-fd6b1565e7e2_540x.jpg?v=1623329083
lil-nuke,6677837938879,https://locprecision.com/collections/rocket-kits/products/lil-nuke,//locprecision.com/cdn/shop/products/90_a0a69858-737b-4b81-9e01-6a846750866b_540x.jpg?v=1621675415
t-loc-263,6677845835967,https://locprecision.com/collections/rocket-kits/products/t-loc-263,//locprecision.com/cdn/shop/products/89_e86e60f8-8a32-4d2b-af1b-0014ce1ab371_540x.jpg?v=1627158226
iris-flying-model-rocket-kit,6677846753471,https://locprecision.com/collections/rocket-kits/products/iris-flying-model-rocket-kit,//locprecision.com/cdn/shop/products/locprecision-2_10_540x.jpg?v=1621340018
micro-magg,6677842034879,https://locprecision.com/collections/rocket-kits/products/micro-magg,//locprecision.com/cdn/shop/products/13_0d5aa9ec-9442-4edc-818a-5246308c0a2e_540x.jpg?v=1623240955
onyx,6677838659775,https://locprecision.com/collections/rocket-kits/products/onyx,//locprecision.com/cdn/shop/products/48_8795f426-3b85-4474-a41c-2db38952db8f_540x.jpg?v=1623250497
hyperloc-835,6677839184063,https://locprecision.com/collections/rocket-kits/products/hyperloc-835,//locprecision.com/cdn/shop/products/38_60fab2af-c4d1-413f-9508-48ac3ce9a9e4_540x.jpg?v=1623163005
loc-v-2,6677839085759,https://locprecision.com/collections/rocket-kits/products/loc-v-2,//locprecision.com/cdn/shop/products/6_14bd2df4-b590-4259-8276-f256cb15d761_540x.jpg?v=1623390455
nuke-pro-max,6677837971647,https://locprecision.com/collections/rocket-kits/products/nuke-pro-max,//locprecision.com/cdn/shop/products/86_540x.jpg?v=1627157732
pfy-iris,6677841707199,https://locprecision.com/collections/rocket-kits/products/pfy-iris,//locprecision.com/cdn/shop/products/73_11da4977-c93b-40ae-81f5-e1f66356354c_540x.jpg?v=1621672014
loc-i-hi-tech,6677844066495,https://locprecision.com/collections/rocket-kits/products/loc-i-hi-tech,//locprecision.com/cdn/shop/products/hitechweb_540x.jpg?v=1640291898
park-flyer-hyperloc-160,6677842460863,https://locprecision.com/collections/rocket-kits/products/park-flyer-hyperloc-160,//locprecision.com/cdn/shop/products/55_c5af09b7-b9fd-4f80-8db0-b1567d6656df_540x.jpg?v=1621664987
lc-bbx4,6677844558015,https://locprecision.com/collections/rocket-kits/products/lc-bbx4,//locprecision.com/cdn/shop/products/58_540x.jpg?v=1627158487
swr-300,7703801528553,https://locprecision.com/collections/rocket-kits/products/swr-300,//locprecision.com/cdn/shop/products/SWR-300FlashWeb_540x.jpg?v=1652225782
photon,6677846491327,https://locprecision.com/collections/rocket-kits/products/photon,//locprecision.com/cdn/shop/products/36_cccd04d0-0743-460c-b8b1-46e332a6cf84_540x.jpg?v=1621601252
xeno,6677844099263,https://locprecision.com/collections/rocket-kits/products/xeno,//locprecision.com/cdn/shop/products/xenoweb_540x.jpg?v=1640292121
loc-1-patriot-rocket-kit,6677846720703,https://locprecision.com/collections/rocket-kits/products/loc-1-patriot-rocket-kit,//locprecision.com/cdn/shop/products/34_3c4b5872-1f15-4617-884c-30968ad933c5_540x.jpg?v=1621599866
yiris2,6677838364863,https://locprecision.com/collections/rocket-kits/products/yiris2,//locprecision.com/cdn/shop/products/83_eab75298-f39a-473c-b808-c0c93720c75f_540x.jpg?v=1621673313
lc-goblin55,6677845803199,https://locprecision.com/collections/rocket-kits/products/lc-goblin55,//locprecision.com/cdn/shop/products/73_540x.jpg?v=1620828508
semper-fi,6677845475519,https://locprecision.com/collections/rocket-kits/products/semper-fi,//locprecision.com/cdn/shop/products/1_51bc5926-e07a-4c3a-8a62-c4643f63903a_540x.jpg?v=1620833640
bull-puppy-missile,7007570657471,https://locprecision.com/collections/rocket-kits/products/bull-puppy-missile,//locprecision.com/cdn/shop/products/BullPuppy-V-700_7308b345-339b-4da7-9eb4-36f9413f5573_540x.jpg?v=1661957578
loc-i-nuke,6677843968191,https://locprecision.com/collections/rocket-kits/products/loc-i-nuke,//locprecision.com/cdn/shop/products/49_1809ecb4-28b0-4d7b-a182-40b9c0d403b8_540x.jpg?v=1621662750
loc-i-magnum,6677844033727,https://locprecision.com/collections/rocket-kits/products/loc-i-magnum,//locprecision.com/cdn/shop/products/45_6ae502ef-421a-4399-9d95-a5b8f35a4337_540x.jpg?v=1621604062
big-nuke,6677839446207,https://locprecision.com/collections/rocket-kits/products/big-nuke,//locprecision.com/cdn/shop/products/34_91d6df4e-5627-4837-ac83-9bc6232622ea_540x.jpg?v=1621249286
striker-x,6677844132031,https://locprecision.com/collections/rocket-kits/products/striker-x,//locprecision.com/cdn/shop/products/strykerweb_540x.jpg?v=1640292270
sky-fieri,7754967843049,https://locprecision.com/collections/rocket-kits/products/sky-fieri,//locprecision.com/cdn/shop/products/HNS-KitV_540x.jpg?v=1655566054
callisto,7007562531007,https://locprecision.com/collections/rocket-kits/products/callisto,//locprecision.com/cdn/shop/products/CallistoJustin2smallTN_540x.jpg?v=1633695657
weasel,6677837873343,https://locprecision.com/collections/rocket-kits/products/weasel,//locprecision.com/cdn/shop/products/97_0b4326f2-6b1a-498d-8105-ee703cbcf524_540x.jpg?v=1621675457
magnum,6677839478975,https://locprecision.com/collections/rocket-kits/products/magnum,//locprecision.com/cdn/shop/products/1_7d9288ff-bcf5-4d2d-b565-77d99812d165_540x.jpg?v=1623236600
bumble-bee-rocket,7007574327487,https://locprecision.com/collections/rocket-kits/products/bumble-bee-rocket,//locprecision.com/cdn/shop/products/BBeeWebV-700_540x.jpg?v=1659809019
striker,7007569969343,https://locprecision.com/collections/rocket-kits/products/striker,//locprecision.com/cdn/shop/products/IMG_0924_540x.jpg?v=1669151135
deployer,6677845147839,https://locprecision.com/collections/rocket-kits/products/deployer,//locprecision.com/cdn/shop/products/92_0d2e4b22-2ad7-4b6a-b0b0-99acffee0e6f_540x.jpg?v=1623151086
caliber-isp,6677838954687,https://locprecision.com/collections/rocket-kits/products/caliber-isp,//locprecision.com/cdn/shop/products/59_520a5138-c9dc-43f2-bfb6-566484b82404_540x.jpg?v=1621260730
4-cyclotron,6804761575615,https://locprecision.com/collections/rocket-kits/products/4-cyclotron,//locprecision.com/cdn/shop/products/Cyclotron4-7001_540x.jpg?v=1626141061
ypat25,6677843214527,https://locprecision.com/collections/rocket-kits/products/ypat25,//locprecision.com/cdn/shop/products/locprecision_4_540x.jpg?v=1627158150
bull-puppy-2-1-rocket-kit,7007570723007,https://locprecision.com/collections/rocket-kits/products/bull-puppy-2-1-rocket-kit,//locprecision.com/cdn/shop/products/BullPuppy-V-700_540x.jpg?v=1661957476
7-5-t-loc,6804694696127,https://locprecision.com/collections/rocket-kits/products/7-5-t-loc,//locprecision.com/cdn/shop/products/75TLOC-Web_540x.jpg?v=1626704114
pfy-bbx,6677841838271,https://locprecision.com/collections/rocket-kits/products/pfy-bbx,//locprecision.com/cdn/shop/products/63_63033860-8bc4-4360-aa3f-e049d79df541_540x.jpg?v=1621666340
eze,6677841805503,https://locprecision.com/collections/rocket-kits/products/eze,//locprecision.com/cdn/shop/products/66_353a2f86-63c6-4a8b-87f9-88d8fb7c126b_540x.jpg?v=1621666660
blaster,6677846458559,https://locprecision.com/collections/rocket-kits/products/blaster,//locprecision.com/cdn/shop/products/90_540x.jpg?v=1620831891
pfy-hawk,6677841772735,https://locprecision.com/collections/rocket-kits/products/pfy-hawk,//locprecision.com/cdn/shop/products/68_4310cc63-8328-4365-8680-607fa950fe25_540x.jpg?v=1621666684
ybuzz4,6677843673279,https://locprecision.com/collections/rocket-kits/products/ybuzz4,//locprecision.com/cdn/shop/products/26_ccc50aae-ebec-4fca-8550-fe567ebb9d77_540x.jpg?v=1623242152
pfy-shawk,6677841674431,https://locprecision.com/collections/rocket-kits/products/pfy-shawk,//locprecision.com/cdn/shop/products/77_d6961e98-1bd0-4fb2-aa3e-d981a76f9059_540x.jpg?v=1621672409
norad,6677838889151,https://locprecision.com/collections/rocket-kits/products/norad,//locprecision.com/cdn/shop/products/NoradCut_540x.jpg?v=1640292561
doorknob,6677839249599,https://locprecision.com/collections/rocket-kits/products/doorknob,//locprecision.com/cdn/shop/products/98_8afce03a-4d55-4059-b08c-8236e455e22e_540x.jpg?v=1623152786
tiny-pterodactyl,7007562760383,https://locprecision.com/collections/rocket-kits/products/tiny-pterodactyl,//locprecision.com/cdn/shop/products/TinyPteroHenry3_540x.jpg?v=1633695663
magnum-3,6677844918463,https://locprecision.com/collections/rocket-kits/products/magnum-3,//locprecision.com/cdn/shop/products/94_f2207e88-d7de-4379-a474-ca4f43cdda45_540x.jpg?v=1623235914
ypat75,6677841871039,https://locprecision.com/collections/rocket-kits/products/ypat75,//locprecision.com/cdn/shop/products/49_49efba00-e28b-4373-896d-19c75600b758_540x.jpg?v=1623486629
sandhawk,6677838790847,https://locprecision.com/collections/rocket-kits/products/sandhawk,//locprecision.com/cdn/shop/products/YSHawk3-Cut_540x.jpg?v=1627158875
i-roc,6677839413439,https://locprecision.com/collections/rocket-kits/products/i-roc,//locprecision.com/cdn/shop/products/IROC-Cut_540x.jpg?v=1627160672
scout,6677843574975,https://locprecision.com/collections/rocket-kits/products/scout,//locprecision.com/cdn/shop/products/80_6b55a75d-e695-4a7e-a5de-144a076af17b_540x.jpg?v=1623330113
pfy-iqsy,6677841739967,https://locprecision.com/collections/rocket-kits/products/pfy-iqsy,//locprecision.com/cdn/shop/products/71_ce06a60e-e817-4a25-af23-868af18dc88d_540x.jpg?v=1621671995
55iris,6677847244991,https://locprecision.com/collections/rocket-kits/products/55iris,//locprecision.com/cdn/shop/products/77_540x.jpg?v=1627160993
loc-v2,6677839806655,https://locprecision.com/collections/rocket-kits/products/loc-v2,//locprecision.com/cdn/shop/products/12_8d005df1-b63d-4aae-b995-13e2bcf9978d_540x.jpg?v=1623390974
bruiser-exp,6677839315135,https://locprecision.com/collections/rocket-kits/products/bruiser-exp,//locprecision.com/cdn/shop/products/50_583d7ebc-2300-4c21-9093-5d468f04d280_540x.jpg?v=1621256873
lil-diter,6677838856383,https://locprecision.com/collections/rocket-kits/products/lil-diter,//locprecision.com/cdn/shop/products/lilditerweb_540x.jpg?v=1640289351
park-flyer-magnum,6677842493631,https://locprecision.com/collections/rocket-kits/products/park-flyer-magnum,//locprecision.com/cdn/shop/products/52_b2d51839-4b90-42f3-a760-327768c26df9_540x.jpg?v=1621664953
v2,6677839216831,https://locprecision.com/collections/rocket-kits/products/v2,//locprecision.com/cdn/shop/products/15_e5afb83c-6113-4e0b-8948-4fba948d9492_540x.jpg?v=1623392856
expediter,6677839151295,https://locprecision.com/collections/rocket-kits/products/expediter,//locprecision.com/cdn/shop/products/3_aaa25491-cc7c-4501-b4fe-e18a9802f761_540x.jpg?v=1623153146
starfighter,6677841969343,https://locprecision.com/collections/rocket-kits/products/starfighter,//locprecision.com/cdn/shop/products/59_f1cc1e27-0cc4-425e-a42f-02060a76af1c_540x.jpg?v=1621665648
legacy,6677837906111,https://locprecision.com/collections/rocket-kits/products/legacy,//locprecision.com/cdn/shop/products/95_63247409-5eb4-4c81-a097-0ea146ccf032_540x.jpg?v=1621675429
amraam-3-missile,7007570231487,https://locprecision.com/collections/rocket-kits/products/amraam-3-missile,//locprecision.com/cdn/shop/products/AMRAAM3Henry_JustinTN_540x.jpg?v=1633695901
hyperloc-1600,6677839839423,https://locprecision.com/collections/rocket-kits/products/hyperloc-1600,//locprecision.com/cdn/shop/products/38_604f32f4-513f-4da9-9ae7-7c9ee26f6077_540x.jpg?v=1623162991
rfs-class-1-rocket-kit,6677842854079,https://locprecision.com/collections/rocket-kits/products/rfs-class-1-rocket-kit,//locprecision.com/cdn/shopifycloud/shopify/assets/no-image-50-3d8cc48bd078edcd544c8d60f929ed2d8800a3fc52e0f602e84b1767e392bfcd_540x.gif
ariel-rocket,7007574655167,https://locprecision.com/collections/rocket-kits/products/ariel-rocket,//locprecision.com/cdn/shop/products/ArielMichelle300tjpg_540x.jpg?v=1633696023
spitfire-rocket,7007574458559,https://locprecision.com/collections/rocket-kits/products/spitfire-rocket,//locprecision.com/cdn/shop/products/spitfire_540x.jpg?v=1638942652
rfs-class-2-rocket-kit,6677842591935,https://locprecision.com/collections/rocket-kits/products/rfs-class-2-rocket-kit,//locprecision.com/cdn/shopifycloud/shopify/assets/no-image-50-3d8cc48bd078edcd544c8d60f929ed2d8800a3fc52e0f602e84b1767e392bfcd_540x.gif
cyclotron,6677842624703,https://locprecision.com/collections/rocket-kits/products/cyclotron,//locprecision.com/cdn/shop/products/Screenshot2023-04-12at9.08.09AM_540x.png?v=1681308880
4-29ss,6677838823615,https://locprecision.com/collections/rocket-kits/products/4-29ss,//locprecision.com/cdn/shop/products/55_540x.jpg?v=1620824495
miranda-rocket,7007574720703,https://locprecision.com/collections/rocket-kits/products/miranda-rocket,//locprecision.com/cdn/shop/products/mirandarocket_540x.jpg?v=1638942692
quicksilver,7007562367167,https://locprecision.com/collections/rocket-kits/products/quicksilver,//locprecision.com/cdn/shop/products/QuicksilverModel_0010tn_540x.jpg?v=1633695654
tethys-rocket,7007574917311,https://locprecision.com/collections/rocket-kits/products/tethys-rocket,//locprecision.com/cdn/shop/products/IMG_0914_540x.jpg?v=1669150944
endeavour-rocket,7007574819007,https://locprecision.com/collections/rocket-kits/products/endeavour-rocket,//locprecision.com/cdn/shop/products/endeavour_540x.jpg?v=1638942343
phoenix-75,6677843148991,https://locprecision.com/collections/rocket-kits/products/phoenix-75,//locprecision.com/cdn/shop/products/51_8baf9381-7c10-4d82-be30-81c73227443b_540x.jpg?v=1623328651
cool-spool,6677841543359,https://locprecision.com/collections/rocket-kits/products/cool-spool,//locprecision.com/cdn/shop/products/21_540x.jpg?v=1621496407
quasar-rocket,7007574622399,https://locprecision.com/collections/rocket-kits/products/quasar-rocket,//locprecision.com/cdn/shop/products/quasar_540x.jpg?v=1638942613
mystic-rocket,7007574425791,https://locprecision.com/collections/rocket-kits/products/mystic-rocket,//locprecision.com/cdn/shop/products/MysticHolding_0016tn_540x.jpg?v=1633696017
io,7007562432703,https://locprecision.com/collections/rocket-kits/products/io,//locprecision.com/cdn/shop/products/IoJerry300t_540x.jpg?v=1633695656
andromeda-54-38,7007574196415,https://locprecision.com/collections/rocket-kits/products/andromeda-54-38,//locprecision.com/cdn/shop/products/AndomedaArtHorizontalTN_540x.jpg?v=1633696014
agm-256-pit-bull,7007570034879,https://locprecision.com/collections/rocket-kits/products/agm-256-pit-bull,//locprecision.com/cdn/shop/products/AGM256PitBullTN_540x.jpg?v=1633695896
1-6-scale-patriot-missile,7007569903807,https://locprecision.com/collections/rocket-kits/products/1-6-scale-patriot-missile,//locprecision.com/cdn/shop/products/Pat26-0973TN_540x.jpg?v=1633695893
explorer,7007562694847,https://locprecision.com/collections/rocket-kits/products/explorer,//locprecision.com/cdn/shop/products/ExplorerJerry300t_540x.jpg?v=1633695662
tri-star-4-3-38mm,6677842723007,https://locprecision.com/collections/rocket-kits/products/tri-star-4-3-38mm,//locprecision.com/cdn/shop/products/99_8b8cddf1-9f7a-4039-8492-28103585ca7a_540x.jpg?v=1623335242
sudden-rush,7007587401919,https://locprecision.com/collections/rocket-kits/products/sudden-rush,//locprecision.com/cdn/shop/products/IMG_0975_540x.jpg?v=1669151050
king-viper-iii,6677839872191,https://locprecision.com/collections/rocket-kits/products/king-viper-iii,//locprecision.com/cdn/shop/products/50_8849568e-0b1a-49c6-93ee-7125f17b9932_540x.jpg?v=1623221509
black-brant-vb-sounding-rocket,7007570428095,https://locprecision.com/collections/rocket-kits/products/black-brant-vb-sounding-rocket,//locprecision.com/cdn/shop/products/BlackBrantVbFrank300t_540x.jpg?v=1633695904
small-endeavour,7007562629311,https://locprecision.com/collections/rocket-kits/products/small-endeavour,//locprecision.com/cdn/shop/products/smallendeavour_540x.jpg?v=1638942270
phobos,7007562563775,https://locprecision.com/collections/rocket-kits/products/phobos,//locprecision.com/cdn/shop/products/phoboswebpic_540x.jpg?v=1638942492
yshawk55,6677842297023,https://locprecision.com/collections/rocket-kits/products/yshawk55,//locprecision.com/cdn/shop/products/54_f5a14cfe-43b9-4c32-84de-690db043732e_540x.jpg?v=1623487020
x-calibur,7007562825919,https://locprecision.com/collections/rocket-kits/products/x-calibur,//locprecision.com/cdn/shop/products/xcalibur_540x.jpg?v=1638942534
matrix,7007574098111,https://locprecision.com/collections/rocket-kits/products/matrix,//locprecision.com/cdn/shop/products/MatrixJerry300t_540x.jpg?v=1633696012
amraam-4-missile,7007570329791,https://locprecision.com/collections/rocket-kits/products/amraam-4-missile,//locprecision.com/cdn/shop/products/amraam4_f53b346a-853b-4b2c-a4f0-de663b174b6e_540x.jpg?v=1638942136
amraam-2-kits,7007570133183,https://locprecision.com/collections/rocket-kits/products/amraam-2-kits,//locprecision.com/cdn/shop/products/amraam2_540x.jpg?v=1638941619
yank-iqsy-tomahawk-3,6677842952383,https://locprecision.com/collections/rocket-kits/products/yank-iqsy-tomahawk-3,//locprecision.com/cdn/shopifycloud/shopify/assets/no-image-50-3d8cc48bd078edcd544c8d60f929ed2d8800a3fc52e0f602e84b1767e392bfcd_540x.gif
cruiser,6677839904959,https://locprecision.com/collections/rocket-kits/products/cruiser,//locprecision.com/cdn/shop/products/89_205db863-e585-4ce4-b886-7083d979035b_540x.jpg?v=1623142526
intruder-rocket,7007574524095,https://locprecision.com/collections/rocket-kits/products/intruder-rocket,//locprecision.com/cdn/shop/products/IntruderJerry300t_540x.jpg?v=1633696020
d-region-tomahawk-sounding-rocket,7007570526399,https://locprecision.com/collections/rocket-kits/products/d-region-tomahawk-sounding-rocket,//locprecision.com/cdn/shop/products/TommyRobSmallAnnot_540x.jpg?v=1633695906
mini-bbx-rocket,7007570100415,https://locprecision.com/collections/rocket-kits/products/mini-bbx-rocket,//locprecision.com/cdn/shop/products/minibbx_540x.jpg?v=1638942425
ultimate-endeavour,7007592841407,https://locprecision.com/collections/rocket-kits/products/ultimate-endeavour,//locprecision.com/cdn/shop/products/UltimateEndeavourAnnot_540x.jpg?v=1633696608
cirrus-rocket-kits,7007589728447,https://locprecision.com/collections/rocket-kits/products/cirrus-rocket-kits,//locprecision.com/cdn/shop/products/cirrus_540x.jpg?v=1642394686
little-lunar-express-rocket,7007574753471,https://locprecision.com/collections/rocket-kits/products/little-lunar-express-rocket,//locprecision.com/cdn/shop/products/littlelunarexpress_540x.jpg?v=1638942385
yhawk4,6677845016767,https://locprecision.com/collections/rocket-kits/products/yhawk4,//locprecision.com/cdn/shop/products/64_540x.jpg?v=1620827881
yhawk3,6677844983999,https://locprecision.com/collections/rocket-kits/products/yhawk3,//locprecision.com/cdn/shop/products/52_540x.jpg?v=1620823795
top-gunn,6677841576127,https://locprecision.com/collections/rocket-kits/products/top-gunn,//locprecision.com/cdn/shop/products/16_540x.jpg?v=1620835433
norad-pro-maxx,6677838921919,https://locprecision.com/collections/rocket-kits/products/norad-pro-maxx,//locprecision.com/cdn/shop/products/46_4c9882ee-4fe8-4e0c-82b6-ae19e4b4a064_540x.jpg?v=1623250221
